brokered_by,status,price,bed,bath,acre_lot,street,city,state,zip_code,house_size,prev_sold_date
103378.0,for_sale,105000.0,3,2,0.12,1962661.0,Adjuntas,Puerto Rico,00601,920.0,
52707.0,for_sale,80000.0,4,2,0.08,1902874.0,Adjuntas,Puerto Rico,00601,1527.0,
103379.0,for_sale,67000.0,2,1,0.15,1404990.0,Juana Diaz,Puerto Rico,00795,748.0,
31239.0,for_sale,145000.0,4,2,0.1,1947675.0,Ponce,Puerto Rico,00731,1800.0,
34632.0,for_sale,65000.0,6,2,0.05,331151.0,Mayaguez,Puerto Rico,00680,,
103378.0,for_sale,179000.0,4,3,0.46,1850806.0,San Sebastian,Puerto Rico,00612,2520.0,
1205.0,for_sale,50000.0,3,1,0.2,1298094.0,Ciales,Puerto Rico,00639,2040.0,
50739.0,for_sale,71600.0,3,2,0.08,1048466.0,Ponce,Puerto Rico,00731,1050.0,
81909.0,for_sale,100000.0,2,1,0.09,734904.0,Ponce,Puerto Rico,00730,1092.0,
65672.0,for_sale,300000.0,5,3,7.46,1946226.0,Las Marias,Puerto Rico,00670,5403.0,
52707.0,for_sale,89000.0,3,2,13.39,1902814.0,Isabela,Puerto Rico,00662,1106.0,
52707.0,for_sale,150000.0,3,2,0.08,1773902.0,Juana Diaz,Puerto Rico,00795,1045.0,
46019.0,for_sale,155000.0,3,2,0.1,1946165.0,Lares,Puerto Rico,00669,4161.0,
52707.0,for_sale,79000.0,5,2,0.12,1761024.0,Utuado,Puerto Rico,00641,1620.0,
88441.0,for_sale,649000.0,5,5,0.74,1879215.0,Ponce,Puerto Rico,00731,2677.0,
50739.0,for_sale,120000.0,3,2,0.08,17854.0,Yauco,Puerto Rico,00698,1100.0,
51202.0,for_sale,235000.0,4,4,0.22,13687.0,Mayaguez,Puerto Rico,00680,3450.0,
12876.0,for_sale,105000.0,3,2,0.08,1868721.0,Ponce,Puerto Rico,00728,1500.0,
109906.0,for_sale,575000.0,3,2,3.88,1312671.0,San Sebastian,Puerto Rico,00685,4000.0,
46019.0,for_sale,140000.0,6,3,0.25,6710.0,Anasco,Puerto Rico,00610,1230.0,
52707.0,for_sale,50000.0,2,1,0.23,1902835.0,Yauco,Puerto Rico,00698,621.0,
52707.0,for_sale,165000.0,6,3,0.1,117231.0,Moca,Puerto Rico,00676,3000.0,
81909.0,for_sale,189000.0,3,1,2.0,1307740.0,Coamo,Puerto Rico,00769,1213.0,
52707.0,for_sale,115000.0,3,2,,481889.0,Ponce,Puerto Rico,00716,1148.0,
12434.0,for_sale,122500.0,3,2,0.05,437877.0,Yauco,Puerto Rico,00698,1118.0,
52464.0,for_sale,255000.0,3,2,0.28,1948621.0,San Sebastian,Puerto Rico,00685,1500.0,
81495.0,for_sale,425000.0,4,3,0.3,955013.0,Ponce,Puerto Rico,00730,3000.0,
87549.0,for_sale,93000.0,4,2,0.11,1854860.0,Guayanilla,Puerto Rico,00656,1300.0,
92147.0,for_sale,75000.0,4,2,0.04,511838.0,Manati,Puerto Rico,00676,1080.0,
29915.0,for_sale,469000.0,3,2,0.69,1857020.0,Isabela,Puerto Rico,00662,2505.0,
52707.0,for_sale,189000.0,6,3,1.75,1902849.0,Villalba,Puerto Rico,00766,1943.0,
52707.0,for_sale,225000.0,5,4,0.12,1987398.0,Ponce,Puerto Rico,00717,1600.0,
67133.0,for_sale,495000.0,4,2,3.08,1962660.0,Santa Isabel,Puerto Rico,00757,2886.0,
86036.0,for_sale,220000.0,1,1,0.1,523790.0,Ponce,Puerto Rico,00730,850.0,
52707.0,for_sale,70500.0,3,1,0.23,1856955.0,Yauco,Puerto Rico,00698,936.0,
3606.0,for_sale,305000.0,3,2,1.13,1902855.0,Moca,Puerto Rico,00676,1928.0,
109906.0,for_sale,475000.0,4,4,4.84,1940314.0,San Sebastian,Puerto Rico,00685,3690.0,
1502.0,for_sale,195000.0,3,4,1.94,1856898.0,Utuado,Puerto Rico,00641,2500.0,
109906.0,for_sale,120000.0,4,2,0.24,1667467.0,Las Marias,Puerto Rico,00670,1800.0,
52707.0,for_sale,650000.0,9,7,0.46,1902746.0,Mayaguez,Puerto Rico,00680,3709.0,
86036.0,for_sale,555000.0,5,3,0.16,480944.0,Ponce,Puerto Rico,00730,3100.0,
63639.0,for_sale,3900000.0,6,6,0.94,269007.0,Penuelas,Puerto Rico,00624,9297.0,
52707.0,for_sale,400000.0,,,0.99,1857015.0,Moca,Puerto Rico,00676,43082.0,
80224.0,for_sale,380000.0,,,18.45,1855421.0,Hatillo,Puerto Rico,00659,,
52707.0,for_sale,95000.0,3,2,0.1,1868667.0,Aguada,Puerto Rico,00602,600.0,
87549.0,for_sale,74000.0,3,1,0.09,1902824.0,Aguada,Puerto Rico,00602,900.0,
108122.0,for_sale,139500.0,4,2,0.15,397960.0,Aguada,Puerto Rico,00602,3000.0,
72457.0,for_sale,149900.0,1,1,0.26,1850822.0,Aguada,Puerto Rico,00602,2100.0,
15143.0,for_sale,180000.0,2,2,0.24,1234696.0,Aguada,Puerto Rico,00602,1138.0,
52707.0,for_sale,249000.0,3,2,0.13,1902736.0,Aguada,Puerto Rico,00602,1380.0,
52707.0,for_sale,252000.0,6,4,0.23,1902727.0,Aguada,Puerto Rico,00602,2500.0,
102017.0,for_sale,160000.0,2,1,,1842923.0,Aguada,Puerto Rico,00602,813.0,
49045.0,for_sale,90000.0,2,1,0.07,1837494.0,Aguada,Puerto Rico,00602,813.0,
46019.0,for_sale,500000.0,5,3,1.78,10282.0,Aguada,Puerto Rico,00602,2962.0,
47983.0,for_sale,339000.0,4,2,0.1,268641.0,Aguada,Puerto Rico,00602,1955.0,
89348.0,for_sale,265000.0,3,2,0.08,1868699.0,Aguada,Puerto Rico,00602,1200.0,
55906.0,for_sale,10000000.0,6,5,0.12,1233063.0,Aguada,Puerto Rico,00602,6000.0,
47983.0,for_sale,389000.0,3,4,2.0,1902739.0,Aguada,Puerto Rico,00602,1880.0,
102017.0,for_sale,575000.0,3,2,2.96,1962620.0,Aguada,Puerto Rico,00602,2500.0,
46019.0,for_sale,35000.0,,,0.88,1234597.0,Aguada,Puerto Rico,00602,,
52464.0,for_sale,58000.0,,,0.21,1966337.0,Aguada,Puerto Rico,00602,,
46019.0,for_sale,85000.0,,,21.08,1188097.0,Aguada,Puerto Rico,00602,,
102017.0,for_sale,47000.0,,,0.57,1841588.0,Aguada,Puerto Rico,00602,,
102017.0,for_sale,720000.0,3,3,,1667516.0,Aguada,Puerto Rico,00602,2715.0,
102017.0,for_sale,375000.0,7,5,0.31,166250.0,Aguada,Puerto Rico,00602,2775.0,
46019.0,for_sale,50000.0,,,0.65,1946326.0,Aguada,Puerto Rico,00602,,
66561.0,for_sale,3250000.0,,6,0.06,1856959.0,Rincon,Puerto Rico,00602,,
47983.0,for_sale,39500.0,,,0.24,1902841.0,Aguada,Puerto Rico,00602,,
102017.0,for_sale,249500.0,,,33.35,1032552.0,Aguada,Puerto Rico,00602,,
46019.0,for_sale,1399000.0,5,3,8.74,6714.0,Aguada,Puerto Rico,00602,5517.0,
60830.0,for_sale,600000.0,6,5,0.1,1946165.0,Aguada,Puerto Rico,00602,2400.0,
102017.0,for_sale,649000.0,,,2.64,1946165.0,Aguada,Puerto Rico,00602,,
47983.0,for_sale,189000.0,2,1,,1902894.0,Aguada,Puerto Rico,00602,951.0,
52707.0,for_sale,150000.0,,,1.46,1902798.0,Aguada,Puerto Rico,00602,,
107152.0,for_sale,74000.0,,,0.21,1966339.0,Aguada,Puerto Rico,00602,,
102017.0,for_sale,65500.0,,,0.28,16882.0,Aguada,Puerto Rico,00602,,
102017.0,for_sale,67500.0,,,0.28,1760196.0,Aguada,Puerto Rico,00602,,
107152.0,for_sale,74000.0,,,0.21,1842584.0,Aguada,Puerto Rico,00602,,
88086.0,for_sale,130000.0,,,0.42,1902763.0,Aguada,Puerto Rico,00602,,
46019.0,for_sale,95000.0,,,0.37,1188098.0,Aguada,Puerto Rico,00602,,
47983.0,for_sale,329000.0,,,0.23,939073.0,Rincon,Puerto Rico,00602,,
46019.0,for_sale,130000.0,,,0.68,6711.0,Aguada,Puerto Rico,00602,,
102017.0,for_sale,94770.0,,,0.25,166251.0,Aguada,Puerto Rico,00602,,
88086.0,for_sale,150000.0,,,0.38,1902760.0,Aguada,Puerto Rico,00602,,
46019.0,for_sale,165000.0,,,0.4,167086.0,Aguada,Puerto Rico,00602,,
107152.0,for_sale,215000.0,3,2,0.22,595559.0,Aguadilla,Puerto Rico,00603,2070.0,
52707.0,for_sale,63000.0,3,2,0.05,1856967.0,Aguadilla,Puerto Rico,00603,1184.0,
107152.0,for_sale,215000.0,3,2,0.22,1268649.0,Aguadilla,Puerto Rico,00603,1900.0,
48586.0,for_sale,115000.0,3,1,0.2,1962563.0,Aguadilla,Puerto Rico,00603,980.0,
52707.0,for_sale,99000.0,4,2,0.89,1499349.0,Aguadilla,Puerto Rico,00603,1408.0,
102017.0,for_sale,850000.0,5,5,0.62,792809.0,Aguadilla,Puerto Rico,00603,8460.0,
92147.0,for_sale,140000.0,3,2,0.11,1868702.0,Aguadilla,Puerto Rico,00603,1116.0,
1123.0,for_sale,499000.0,4,3,0.26,117065.0,Aguadilla,Puerto Rico,00603,3734.0,
87549.0,for_sale,180000.0,3,2,0.17,846259.0,Aguadilla,Puerto Rico,00603,1500.0,
61710.0,for_sale,225900.0,6,3,0.49,1946283.0,Aguadilla,Puerto Rico,00603,2618.0,
65672.0,for_sale,260000.0,4,2,0.12,1136713.0,Aguadilla,Puerto Rico,00603,1760.0,
102017.0,for_sale,31179.0,,,0.13,1987983.0,Aguadilla,Puerto Rico,00603,,
52707.0,for_sale,500000.0,4,3,0.33,1902866.0,Aguadilla,Puerto Rico,00603,2950.0,
103378.0,for_sale,225000.0,3,2,0.21,1838380.0,Aguada,Puerto Rico,00603,1565.0,
46019.0,for_sale,28000.0,,,0.25,1236850.0,Aguadilla,Puerto Rico,00603,,
60028.0,for_sale,425000.0,4,2,0.95,1946165.0,Aguadilla,Puerto Rico,00603,3468.0,
34632.0,for_sale,300000.0,4,2,10.76,1258490.0,Aguadilla,Puerto Rico,00603,547.0,
101.0,for_sale,75000.0,,,0.19,1902896.0,Aguadilla,Puerto Rico,00603,,
107152.0,for_sale,290000.0,3,2,0.15,117027.0,Aguadilla,Puerto Rico,00603,2280.0,
52707.0,for_sale,550000.0,3,4,0.2,483647.0,Aguadilla,Puerto Rico,00603,4020.0,
72457.0,for_sale,234900.0,6,2,0.18,1850808.0,Aguadilla,Puerto Rico,00603,2035.0,
102017.0,for_sale,44720.0,,,0.18,1839304.0,Aguadilla,Puerto Rico,00603,,
46019.0,for_sale,35000.0,,,0.4,1946284.0,Aguadilla,Puerto Rico,00603,,
52707.0,for_sale,75000.0,,,0.4,1868632.0,Aguadilla,Puerto Rico,00603,,
46019.0,for_sale,37000.0,,,0.42,1946165.0,Aguadilla,Puerto Rico,00603,,
103378.0,for_sale,37359.0,,,0.22,913730.0,Aguadilla,Puerto Rico,00603,,
102017.0,for_sale,739500.0,,,2.43,598237.0,Aguadilla,Puerto Rico,00603,,
107152.0,for_sale,65000.0,,,0.28,595558.0,Aguadilla,Puerto Rico,00603,,
103378.0,for_sale,56406.0,,,0.33,1667035.0,Aguadilla,Puerto Rico,00603,,
107152.0,for_sale,620000.0,5,3,0.52,119241.0,Aguadilla,Puerto Rico,00603,3267.0,
72457.0,for_sale,649900.0,8,3,0.19,1850840.0,Aguadilla,Puerto Rico,00603,3700.0,
103378.0,for_sale,44995.0,,,0.26,595223.0,Aguadilla,Puerto Rico,00603,,
103378.0,for_sale,37779.0,,,0.22,1563956.0,Aguadilla,Puerto Rico,00603,,
103378.0,for_sale,60123.0,,,0.35,1838382.0,Aguadilla,Puerto Rico,00603,,
103378.0,for_sale,38279.0,,,0.23,6248.0,Aguadilla,Puerto Rico,00603,,
103378.0,for_sale,199900.0,,,11.0,1838381.0,Aguada,Puerto Rico,00603,,
102017.0,for_sale,125000.0,,,0.22,822915.0,Aguadilla,Puerto Rico,00603,,
52707.0,for_sale,200000.0,,,0.49,1857008.0,Aguadilla,Puerto Rico,00603,,
102017.0,for_sale,150000.0,,,0.2,6707.0,Aguadilla,Puerto Rico,00603,,
92147.0,for_sale,8000000.0,,,247.57,6475.0,Isabela,Puerto Rico,00603,,
19383.0,for_sale,1000000.0,,,5.0,1850843.0,Aguadilla,Puerto Rico,00603,,
52707.0,for_sale,695000.0,,,1.89,1902854.0,Aguadilla,Puerto Rico,00603,,
103378.0,for_sale,98000.0,5,2,4.55,1850836.0,Maricao,Puerto Rico,00606,2156.0,
103378.0,for_sale,55000.0,5,2,5.14,1857017.0,Maricao,Puerto Rico,00606,2156.0,
52707.0,for_sale,75000.0,5,2,4.86,1856895.0,Maricao,Puerto Rico,00606,1563.0,
46475.0,for_sale,80000.0,3,1,0.35,1897887.0,Maricao,Puerto Rico,00606,915.0,
52707.0,for_sale,160000.0,,,12.25,1902838.0,Maricao,Puerto Rico,00606,,
52464.0,for_sale,46900.0,3,1,,1757054.0,Mayaguez,Puerto Rico,00680,982.0,
102017.0,for_sale,125000.0,8,5,0.09,436480.0,Hormigueros,Puerto Rico,00660,2000.0,
52707.0,for_sale,95000.0,2,2,0.15,595722.0,Guanica,Puerto Rico,00653,1393.0,
57043.0,for_sale,330000.0,3,2,1.75,1902816.0,Cabo Rojo,Puerto Rico,00623,1620.0,
60028.0,for_sale,115000.0,3,2,0.09,1394934.0,Mayaguez,Puerto Rico,00680,1760.0,
31239.0,for_sale,285000.0,2,1,4.74,575006.0,Cabo Rojo,Puerto Rico,00623,1000.0,
52464.0,for_sale,215000.0,7,4,0.11,1480314.0,Mayaguez,Puerto Rico,00680,2200.0,
61834.0,for_sale,115000.0,3,2,,962228.0,Cabo Rojo,Puerto Rico,00623,1205.0,
87549.0,for_sale,140000.0,3,2,0.14,757729.0,Mayaguez,Puerto Rico,00680,1200.0,
51202.0,for_sale,87000.0,3,1,0.04,13690.0,Mayaguez,Puerto Rico,00682,,
52707.0,for_sale,250000.0,4,2,0.08,1071244.0,Cabo Rojo,Puerto Rico,00623,3052.0,
52707.0,for_sale,70000.0,3,1,0.08,387673.0,San German,Puerto Rico,00683,894.0,
102017.0,for_sale,190000.0,5,5,0.08,6946.0,Mayaguez,Puerto Rico,00680,1600.0,
87549.0,for_sale,150000.0,3,1,0.07,598681.0,San German,Puerto Rico,00683,363.0,
60831.0,for_sale,750000.0,12,6,0.52,1855338.0,Cabo Rojo,Puerto Rico,00623,4800.0,
52707.0,for_sale,125000.0,,1,,939072.0,Mayaguez,Puerto Rico,00682,390.0,
102017.0,for_sale,950000.0,9,8,0.17,1854848.0,Rincon,Puerto Rico,00677,3852.0,
102017.0,for_sale,1200000.0,5,4,1.8,1181969.0,Aguada,Puerto Rico,00677,6000.0,
81495.0,for_sale,495000.0,4,3,0.4,1446813.0,Lajas,Puerto Rico,00667,6500.0,
87549.0,for_sale,90000.0,3,1,0.19,950033.0,Mayaguez,Puerto Rico,00682,778.0,
77433.0,for_sale,395000.0,3,2,0.25,948184.0,Cabo Rojo,Puerto Rico,00623,2800.0,
18211.0,for_sale,82000.0,1,1,,1840559.0,Mayaguez,Puerto Rico,00680,471.0,
47983.0,for_sale,389000.0,2,2,,593379.0,Cabo Rojo,Puerto Rico,00623,1356.0,
87549.0,for_sale,45000.0,,,0.2,1856894.0,Cabo Rojo,Puerto Rico,00623,,
61710.0,for_sale,65000.0,,,0.26,49178.0,Cabo Rojo,Puerto Rico,00623,,
87549.0,for_sale,80000.0,,,0.49,1855526.0,Cabo Rojo,Puerto Rico,00623,,
87549.0,for_sale,120000.0,,,2.82,1897484.0,Cabo Rojo,Puerto Rico,00623,,
87549.0,for_sale,70000.0,,,0.28,113181.0,Cabo Rojo,Puerto Rico,00623,,
46019.0,for_sale,391000.0,,,20.4,10284.0,Hormigueros,Puerto Rico,00660,,
46019.0,for_sale,160000.0,,,14.34,10282.0,Cabo Rojo,Puerto Rico,00623,,
46019.0,for_sale,290000.0,,,16.22,10282.0,Cabo Rojo,Puerto Rico,00623,,
46019.0,for_sale,835000.0,,,17.97,10282.0,Hormigueros,Puerto Rico,00660,,
47983.0,for_sale,159000.0,,,0.44,1902890.0,Mayaguez,Puerto Rico,00680,,
47983.0,for_sale,79000.0,,,0.25,1902821.0,Anasco,Puerto Rico,00610,,
46019.0,for_sale,149900.0,3,2,0.15,6713.0,Anasco,Puerto Rico,00610,1687.0,
48230.0,for_sale,106000.0,2,1,0.13,1966340.0,Anasco,Puerto Rico,00610,826.0,
34632.0,for_sale,165000.0,5,3,0.11,560745.0,Anasco,Puerto Rico,00610,2327.0,
86036.0,for_sale,499000.0,8,6,0.13,1307166.0,Anasco,Puerto Rico,00610,,
46019.0,for_sale,140000.0,,,0.37,1667382.0,Anasco,Puerto Rico,00610,,
46475.0,for_sale,450000.0,4,7,0.76,1793737.0,Isabela,Puerto Rico,00662,4000.0,
96048.0,for_sale,485000.0,4,3,0.21,1446871.0,Isabela,Puerto Rico,00662,3066.0,
52707.0,for_sale,1800000.0,6,3,0.97,1902806.0,Isabela,Puerto Rico,00662,10000.0,
18211.0,for_sale,975000.0,6,4,16.0,1913925.0,Isabela,Puerto Rico,00662,3739.0,
47983.0,for_sale,950000.0,4,2,0.49,6927.0,Rincon,Puerto Rico,00677,2450.0,
47983.0,for_sale,349000.0,3,2,,1966335.0,Rincon,Puerto Rico,00677,1688.0,
72457.0,for_sale,39900.0,3,1,,1862028.0,Arecibo,Puerto Rico,00612,878.0,
72457.0,for_sale,29900.0,3,1,,1862027.0,Arecibo,Puerto Rico,00612,878.0,
60830.0,for_sale,475000.0,1,3,0.13,1427607.0,Arecibo,Puerto Rico,00612,10000.0,
60831.0,for_sale,200000.0,4,3,0.24,1946165.0,Arecibo,Puerto Rico,00612,3413.0,
103378.0,for_sale,84900.0,4,2,0.1,1840770.0,Arecibo,Puerto Rico,00612,,
52707.0,for_sale,148000.0,5,2,0.49,1902831.0,Arecibo,Puerto Rico,00612,2058.0,
49592.0,for_sale,39500.0,1,1,0.14,1946165.0,Arecibo,Puerto Rico,00612,800.0,
33888.0,for_sale,220000.0,6,3,0.45,1856978.0,Arecibo,Puerto Rico,00612,2900.0,
52707.0,for_sale,75000.0,3,2,0.27,1856974.0,Arecibo,Puerto Rico,00612,1100.0,
60830.0,for_sale,110000.0,4,2,0.13,1856516.0,Arecibo,Puerto Rico,00612,1000.0,
60831.0,for_sale,150000.0,7,4,0.49,1946210.0,Arecibo,Puerto Rico,00612,800.0,
103378.0,for_sale,69900.0,4,2,0.09,1840775.0,Arecibo,Puerto Rico,00612,,
52707.0,for_sale,79000.0,6,3,0.09,1855343.0,Arecibo,Puerto Rico,00612,2472.0,
52707.0,for_sale,65000.0,3,1,0.09,1856972.0,Arecibo,Puerto Rico,00612,1044.0,
60830.0,for_sale,179000.0,5,3,0.08,1855451.0,Arecibo,Puerto Rico,00612,2200.0,
62210.0,for_sale,145000.0,3,2,0.86,1427895.0,Arecibo,Puerto Rico,00612,3500.0,
1589.0,for_sale,79000.0,3,1,0.13,821104.0,Arecibo,Puerto Rico,00612,1262.0,
80224.0,for_sale,360000.0,5,2,0.42,1567105.0,Arecibo,Puerto Rico,00612,6000.0,
29911.0,for_sale,50000.0,,,0.03,1967771.0,Arecibo,Puerto Rico,00612,,
103378.0,for_sale,134900.0,,,0.25,1840769.0,Arecibo,Puerto Rico,00612,1856.0,
92147.0,for_sale,94600.0,3,1,0.08,1992381.0,Arecibo,Puerto Rico,00612,1009.0,
103378.0,for_sale,59900.0,,,0.34,1840776.0,Arecibo,Puerto Rico,00612,,
1589.0,for_sale,239000.0,7,3,0.31,1551669.0,Arecibo,Puerto Rico,00612,2715.0,
33888.0,for_sale,279000.0,3,3,0.19,1902853.0,Arecibo,Puerto Rico,00612,2872.0,
52707.0,for_sale,100000.0,3,1,4.89,1900756.0,Arecibo,Puerto Rico,00612,1028.0,
33888.0,for_sale,89000.0,,,1.48,1856938.0,Arecibo,Puerto Rico,00612,,
40689.0,for_sale,168000.0,4,3,0.25,1902837.0,Arecibo,Puerto Rico,00612,1600.0,
92147.0,for_sale,150000.0,3,2,0.29,1509489.0,Arecibo,Puerto Rico,00612,1604.0,
88444.0,for_sale,60000.0,,,0.26,1850825.0,Arecibo,Puerto Rico,00612,,
33888.0,for_sale,140000.0,8,2,0.13,918510.0,Arecibo,Puerto Rico,00612,1500.0,
109906.0,for_sale,70000.0,2,1,0.1,1855345.0,Arecibo,Puerto Rico,00612,680.0,
104635.0,for_sale,80000.0,3,1,0.06,982996.0,Arecibo,Puerto Rico,00612,750.0,
38569.0,for_sale,135000.0,5,2,0.13,1437193.0,Arecibo,Puerto Rico,00612,1500.0,
92147.0,for_sale,215000.0,3,3,0.24,1449539.0,Arecibo,Puerto Rico,00612,2183.0,
103378.0,for_sale,42900.0,,,0.17,1855937.0,Camuy,Puerto Rico,00612,,
103378.0,for_sale,49900.0,,,0.25,1840772.0,Arecibo,Puerto Rico,00612,,
62210.0,for_sale,138000.0,3,2,0.25,199310.0,Arecibo,Puerto Rico,00612,1000.0,
52707.0,for_sale,289000.0,5,4,0.2,1856979.0,Arecibo,Puerto Rico,00612,2832.0,
62210.0,for_sale,132000.0,3,2,0.25,1725570.0,Arecibo,Puerto Rico,00612,1000.0,
52707.0,for_sale,197000.0,4,4,0.14,1856909.0,Arecibo,Puerto Rico,00612,1500.0,
8586.0,for_sale,1200000.0,,,0.71,1946308.0,Arecibo,Puerto Rico,00612,,
40689.0,for_sale,185000.0,5,3,0.07,869853.0,Manati,Puerto Rico,00674,1700.0,
33888.0,for_sale,200000.0,6,4,0.37,1855347.0,Hatillo,Puerto Rico,00659,3400.0,
1589.0,for_sale,210000.0,3,2,0.25,913609.0,Morovis,Puerto Rico,00687,2500.0,
92147.0,for_sale,105000.0,3,1,0.08,1869494.0,Manati,Puerto Rico,00674,921.0,
103379.0,for_sale,113600.0,3,1,0.07,1837500.0,Manati,Puerto Rico,00674,800.0,
103378.0,for_sale,174900.0,3,2,0.08,1985068.0,Barceloneta,Puerto Rico,00617,1195.0,
60831.0,for_sale,3000000.0,,6,1.38,1836183.0,Quebradillas,Puerto Rico,00678,3000.0,
103379.0,for_sale,134000.0,3,2,0.07,733378.0,Vega Baja,Puerto Rico,00693,895.0,
65672.0,for_sale,245000.0,4,2,0.25,867517.0,Vega Baja,Puerto Rico,00693,2038.0,
59533.0,for_sale,161000.0,4,2,0.09,435967.0,Caguas,Puerto Rico,00727,1100.0,
52707.0,for_sale,225000.0,3,2,,1881195.0,Vega Baja,Puerto Rico,00693,1217.0,
92147.0,for_sale,290000.0,4,2,0.22,1868675.0,Manati,Puerto Rico,00674,2236.0,
109906.0,for_sale,375000.0,4,3,0.21,1854739.0,Barceloneta,Puerto Rico,00617,2961.0,
1123.0,for_sale,425000.0,3,2,0.21,1856906.0,Camuy,Puerto Rico,00627,2400.0,
52707.0,for_sale,1100000.0,5,3,0.56,1120998.0,Quebradillas,Puerto Rico,00678,3000.0,
62210.0,for_sale,418000.0,5,3,0.22,2402.0,Hatillo,Puerto Rico,00659,3650.0,
52707.0,for_sale,365000.0,5,3,1.46,1902830.0,Morovis,Puerto Rico,00687,2366.0,
33888.0,for_sale,55000.0,,,0.2,1902872.0,Hatillo,Puerto Rico,00659,,
33888.0,for_sale,62000.0,,,0.21,1902871.0,Hatillo,Puerto Rico,00659,,
80224.0,for_sale,350000.0,,,10.68,1902881.0,Hatillo,Puerto Rico,00659,,
92147.0,for_sale,95000.0,5,2,0.16,151105.0,Quebradillas,Puerto Rico,95000,1757.0,
103378.0,for_sale,64900.0,,,0.29,1850837.0,Camuy,Puerto Rico,00627,,
103378.0,for_sale,49900.0,3,2,0.27,1861976.0,Barceloneta,Puerto Rico,00617,1150.0,
60027.0,for_sale,70000.0,3,1,0.05,1877370.0,Barceloneta,Puerto Rico,00617,,
103378.0,for_sale,90000.0,2,2,0.09,1844124.0,Barceloneta,Puerto Rico,00617,955.0,
103378.0,for_sale,111000.0,3,2,0.08,1985086.0,Barceloneta,Puerto Rico,00617,1015.0,
103378.0,for_sale,114400.0,3,2,0.09,1855327.0,Barceloneta,Puerto Rico,00617,1105.0,
103378.0,for_sale,113500.0,3,2,0.14,1967757.0,Barceloneta,Puerto Rico,00617,955.0,
19801.0,for_sale,59200.0,2,1,0.08,594668.0,Dorado,Puerto Rico,00646,700.0,
1205.0,for_sale,63800.0,3,1,0.07,13692.0,Toa Baja,Puerto Rico,00949,950.0,
86129.0,for_sale,45000.0,3,2,0.09,1168757.0,Toa Alta,Puerto Rico,00953,1000.0,
19801.0,for_sale,55000.0,2,2,0.11,1913914.0,Dorado,Puerto Rico,00646,800.0,
19801.0,for_sale,100000.0,5,3,0.61,1547175.0,Vega Alta,Puerto Rico,00692,1400.0,
81909.0,for_sale,80000.0,4,2,0.19,1584559.0,Corozal,Puerto Rico,00783,1500.0,
81909.0,for_sale,55000.0,2,2,1.22,1913924.0,Naranjito,Puerto Rico,00719,1500.0,
52707.0,for_sale,157500.0,4,2,0.08,377951.0,Toa Alta,Puerto Rico,00953,1650.0,
28817.0,for_sale,2000000.0,3,3,0.19,780900.0,Dorado,Puerto Rico,00646,3500.0,
102909.0,for_sale,11500000.0,4,5,1.98,974575.0,Dorado,Puerto Rico,00646,7000.0,
64069.0,for_sale,3500000.0,4,4,0.24,595727.0,Dorado,Puerto Rico,00646,2500.0,
52707.0,for_sale,270000.0,3,3,0.3,1879198.0,Toa Alta,Puerto Rico,00953,2400.0,
102909.0,for_sale,5000000.0,3,4,0.99,388280.0,Dorado,Puerto Rico,00646,3500.0,
1205.0,for_sale,25000.0,,,0.15,12674.0,Toa Alta,Puerto Rico,00953,,
33842.0,for_sale,172000.0,6,4,0.2,1940307.0,Naranjito,Puerto Rico,00719,1880.0,
81909.0,for_sale,65000.0,6,4,0.1,397849.0,Toa Alta,Puerto Rico,00953,2600.0,
3606.0,for_sale,1325000.0,4,3,0.19,600545.0,Dorado,Puerto Rico,00646,2500.0,
102909.0,for_sale,625000.0,3,2,,5095.0,Vega Alta,Puerto Rico,00692,2096.0,
3606.0,for_sale,465000.0,3,2,0.27,1609595.0,Dorado,Puerto Rico,00646,2200.0,
102909.0,for_sale,575000.0,3,3,0.52,652522.0,Dorado,Puerto Rico,00646,1500.0,
29325.0,for_sale,1100000.0,4,3,0.14,1484017.0,Dorado,Puerto Rico,00646,3500.0,
46667.0,for_sale,550000.0,3,2,0.1,1837660.0,Dorado,Puerto Rico,00646,1800.0,
8688.0,for_sale,895000.0,4,3,0.12,1947221.0,Dorado,Puerto Rico,00646,2490.0,
37634.0,for_sale,495000.0,3,2,,1946328.0,Vega Alta,Puerto Rico,00646,1564.0,
18214.0,for_sale,635000.0,3,2,0.07,6119.0,Vega Alta,Puerto Rico,00692,2100.0,
102909.0,for_sale,1125000.0,2,2,,1854725.0,Dorado,Puerto Rico,00646,1172.0,
31239.0,for_sale,97000.0,1,2,,1988142.0,Cabo Rojo,Puerto Rico,00622,900.0,
87549.0,for_sale,134000.0,3,1,0.08,1902722.0,Cabo Rojo,Puerto Rico,00622,900.0,
48392.0,for_sale,365000.0,4,2,0.25,1139967.0,Cabo Rojo,Puerto Rico,00622,2800.0,
31239.0,for_sale,260000.0,3,2,0.2,1645160.0,Cabo Rojo,Puerto Rico,00622,2214.0,
49045.0,for_sale,75000.0,,,0.19,1856947.0,Boqueron,Puerto Rico,00622,,
109906.0,for_sale,460000.0,4,2,0.22,1450082.0,Cabo Rojo,Puerto Rico,00622,3328.0,
102017.0,for_sale,250000.0,,,0.99,268562.0,Cabo Rojo,Puerto Rico,00622,,
61834.0,for_sale,1321000.0,,,10.29,1917469.0,Cabo Rojo,Puerto Rico,00622,,
103378.0,for_sale,63000.0,4,2,0.48,1888053.0,Hormigueros,Puerto Rico,00660,1233.0,
87549.0,for_sale,75000.0,3,2,0.12,1819530.0,Mayaguez,Puerto Rico,00680,1200.0,
52707.0,for_sale,325000.0,5,5,0.19,1879192.0,Cabo Rojo,Puerto Rico,00623,4000.0,
103378.0,for_sale,499900.0,4,2,10.76,2000888.0,Yauco,Puerto Rico,00698,,
87549.0,for_sale,101800.0,3,2,0.07,1879216.0,Cabo Rojo,Puerto Rico,00623,1000.0,
87549.0,for_sale,25000.0,1,1,0.12,962678.0,Cabo Rojo,Puerto Rico,00623,491.0,
52707.0,for_sale,205000.0,3,3,0.27,1002452.0,Guanica,Puerto Rico,00653,976.0,
102017.0,for_sale,135000.0,4,2,0.12,198778.0,Hormigueros,Puerto Rico,00660,1163.0,
87549.0,for_sale,104000.0,3,2,0.08,1311508.0,Mayaguez,Puerto Rico,00682,1175.0,
52707.0,for_sale,275000.0,3,2,0.97,1902773.0,Lajas,Puerto Rico,00667,1200.0,
81495.0,for_sale,182000.0,,,1.4,1902859.0,Cabo Rojo,Puerto Rico,00623,,
78414.0,for_sale,1400000.0,,,6.44,1902832.0,Cabo Rojo,Puerto Rico,00623,,
52707.0,for_sale,155000.0,,,5.78,1902829.0,San German,Puerto Rico,00683,,
77601.0,for_sale,115000.0,,,0.42,1009987.0,Cabo Rojo,Puerto Rico,00636,,
52707.0,for_sale,100000.0,3,2,0.12,1193340.0,Cabo Rojo,Puerto Rico,00623,1044.0,
52707.0,for_sale,75000.0,3,1,0.03,1104886.0,Cabo Rojo,Puerto Rico,00623,980.0,
87549.0,for_sale,122000.0,4,2,0.19,521774.0,Cabo Rojo,Puerto Rico,00623,1400.0,
88444.0,for_sale,150000.0,3,1,0.16,1837366.0,Cabo Rojo,Puerto Rico,00623,936.0,
31238.0,for_sale,325000.0,3,4,0.23,1917857.0,Cabo Rojo,Puerto Rico,00623,3089.0,
101.0,for_sale,130000.0,3,4,0.09,560375.0,Cabo Rojo,Puerto Rico,00623,2064.0,
72457.0,for_sale,139900.0,2,2,0.46,34931.0,Cabo Rojo,Puerto Rico,00623,1242.0,
49045.0,for_sale,395000.0,8,5,0.48,58866.0,Cabo Rojo,Puerto Rico,00623,8368.0,
65773.0,for_sale,375000.0,5,4,0.22,387597.0,Cabo Rojo,Puerto Rico,00623,2700.0,
52707.0,for_sale,2500000.0,6,8,9.65,1856949.0,Cabo Rojo,Puerto Rico,00623,10244.0,
48230.0,for_sale,385000.0,3,3,0.26,1855340.0,Cabo Rojo,Puerto Rico,00623,2069.0,
87549.0,for_sale,600000.0,8,7,0.43,1842699.0,Cabo Rojo,Puerto Rico,00623,3192.0,
77601.0,for_sale,195000.0,2,2,,6938.0,Cabo Rojo,Puerto Rico,00623,1377.0,
48230.0,for_sale,1995000.0,5,6,5.0,1946165.0,Cabo Rojo,Puerto Rico,00623,10000.0,
30740.0,for_sale,220000.0,1,1,,1940313.0,Cabo Rojo,Puerto Rico,00623,736.0,
88444.0,for_sale,81500.0,,,0.4,1850804.0,Cabo Rojo,Puerto Rico,00623,,
52707.0,for_sale,3000000.0,6,6,7.8,1906150.0,Cabo Rojo,Puerto Rico,00623,8000.0,
87549.0,for_sale,54000.0,,,0.73,1016110.0,Cabo Rojo,Puerto Rico,00623,,
46019.0,for_sale,275000.0,,,3.57,1946165.0,Cabo Rojo,Puerto Rico,00623,,
87549.0,for_sale,950000.0,,,112.66,1902817.0,Cabo Rojo,Puerto Rico,00623,,
81909.0,for_sale,375000.0,,,0.52,196589.0,Cabo Rojo,Puerto Rico,00623,,
31238.0,for_sale,840000.0,,,0.96,1946165.0,Cabo Rojo,Puerto Rico,00623,,
85121.0,for_sale,375000.0,,,0.51,1902867.0,Cabo Rojo,Puerto Rico,00623,,
3763.0,for_sale,70000.0,3,1,0.04,1884194.0,Penuelas,Puerto Rico,00624,913.0,
83881.0,for_sale,799000.0,5,3,0.49,1837520.0,Penuelas,Puerto Rico,00624,2500.0,
103378.0,for_sale,74500.0,3,1,0.08,1899174.0,Penuelas,Puerto Rico,00624,917.0,
103378.0,for_sale,70000.0,3,2,0.09,795443.0,San Sebastian,Puerto Rico,00685,1120.0,
67333.0,for_sale,85000.0,3,2,0.08,1868706.0,Ponce,Puerto Rico,00728,1500.0,
103378.0,for_sale,69900.0,3,3,0.23,1857025.0,Utuado,Puerto Rico,00641,1326.0,
1589.0,for_sale,330000.0,3,2,0.97,1757696.0,Hatillo,Puerto Rico,00659,2111.0,
52707.0,for_sale,145000.0,3,2,,1922060.0,Ponce,Puerto Rico,00716,1296.0,
81909.0,for_sale,135000.0,3,2,,466228.0,Carolina,Puerto Rico,00987,1248.0,
1589.0,for_sale,40000.0,,,0.99,597289.0,Utuado,Puerto Rico,00641,,
60831.0,for_sale,329000.0,,,1.42,1842205.0,Utuado,Puerto Rico,00641,,
60622.0,for_sale,69500.0,3,1,0.04,1308651.0,Camuy,Puerto Rico,00627,1460.0,
60830.0,for_sale,135000.0,4,3,0.24,1856515.0,Camuy,Puerto Rico,00627,1500.0,
87549.0,for_sale,74000.0,3,1,0.38,1902878.0,Camuy,Puerto Rico,00627,900.0,
33888.0,for_sale,109000.0,3,1,1.94,1898056.0,Camuy,Puerto Rico,00627,1400.0,
87549.0,for_sale,168100.0,3,3,0.13,1239373.0,Camuy,Puerto Rico,00627,1300.0,
52464.0,for_sale,110000.0,3,1,0.1,1855935.0,Camuy,Puerto Rico,00627,800.0,
75124.0,for_sale,250000.0,,,7.8,1951682.0,Camuy,Puerto Rico,00627,,
46019.0,for_sale,55000.0,,,0.27,1913916.0,Camuy,Puerto Rico,00627,,
46019.0,for_sale,50000.0,,,0.25,1913913.0,Camuy,Puerto Rico,00627,,
52707.0,for_sale,305000.0,,,9.43,1880725.0,Camuy,Puerto Rico,00627,,
33888.0,for_sale,145000.0,,,2.52,1308649.0,Camuy,Puerto Rico,00627,,
102017.0,for_sale,90000.0,,,0.55,1966325.0,Camuy,Puerto Rico,00627,,
60622.0,for_sale,105000.0,,,0.47,1855420.0,Camuy,Puerto Rico,00627,,
80224.0,for_sale,85000.0,,,0.67,11032.0,Camuy,Puerto Rico,00627,,
31239.0,for_sale,130000.0,3,2,0.1,1946163.0,Sabana Grande,Puerto Rico,00637,1290.0,
31238.0,for_sale,300000.0,8,4,0.45,1946165.0,Sabana Grande,Puerto Rico,00637,2852.0,
75895.0,for_sale,54900.0,5,2,1.21,1007137.0,Sabana Grande,Puerto Rico,00637,1898.0,
16802.0,for_sale,250000.0,2,1,0.2,212525.0,Sabana Grande,Puerto Rico,00637,1275.0,
108122.0,for_sale,435000.0,3,3,0.36,2396.0,Sabana Grande,Puerto Rico,00637,20132.0,
104659.0,for_sale,80000.0,,,0.15,1971881.0,Sabana Grande,Puerto Rico,00637,,
12434.0,for_sale,575000.0,,,262.0,6070.0,Sabana Grande,Puerto Rico,00637,,
103379.0,for_sale,89000.0,3,2,1.17,603617.0,Ciales,Puerto Rico,00638,1000.0,
52707.0,for_sale,275000.0,3,2,1.48,370572.0,Ciales,Puerto Rico,00638,1820.0,
81909.0,for_sale,65000.0,3,2,0.1,1837550.0,Ciales,Puerto Rico,00638,1100.0,
52707.0,for_sale,225000.0,4,3,2.23,1902765.0,Ciales,Puerto Rico,00638,3344.0,
109906.0,for_sale,98000.0,3,1,1.16,1902892.0,Ciales,Puerto Rico,00638,1100.0,
1205.0,for_sale,55000.0,3,2,0.09,654886.0,Ciales,Puerto Rico,00638,1092.0,
85121.0,for_sale,65000.0,3,2,0.09,1908246.0,Ciales,Puerto Rico,00638,1100.0,
108671.0,for_sale,23000.0,,,0.2,1856913.0,Ciales,Puerto Rico,00638,,
108671.0,for_sale,65000.0,,,1.94,1856912.0,Ciales,Puerto Rico,00638,,
52707.0,for_sale,290000.0,,,50.26,1902864.0,Ciales,Puerto Rico,00638,,
108671.0,for_sale,47000.0,,,0.68,1856914.0,Ciales,Puerto Rico,00638,,
92147.0,for_sale,106700.0,3,2,0.97,332814.0,Utuado,Puerto Rico,00641,1205.0,
52707.0,for_sale,180000.0,3,2,10.44,130075.0,Utuado,Puerto Rico,00641,1251.0,
60831.0,for_sale,550000.0,6,3,28.17,1946165.0,Utuado,Puerto Rico,00641,5000.0,
49909.0,for_sale,70000.0,2,1,0.22,1395377.0,Utuado,Puerto Rico,00641,845.0,
105192.0,for_sale,198500.0,4,2,2.91,1902820.0,Utuado,Puerto Rico,00641,1000.0,
60830.0,for_sale,75000.0,5,3,0.1,569131.0,Utuado,Puerto Rico,00641,950.0,
52707.0,for_sale,219900.0,4,2,2.06,1902833.0,Utuado,Puerto Rico,00641,1100.0,
1502.0,for_sale,95000.0,3,2,0.86,1856897.0,Utuado,Puerto Rico,00641,1700.0,
1502.0,for_sale,99000.0,13,4,0.2,655097.0,Utuado,Puerto Rico,00641,600.0,
60831.0,for_sale,75000.0,3,1,0.28,1946304.0,Utuado,Puerto Rico,00641,781.0,
60830.0,for_sale,600000.0,6,3,30.0,1946303.0,Utuado,Puerto Rico,00641,5000.0,
60830.0,for_sale,120000.0,3,1,0.26,1946327.0,Utuado,Puerto Rico,00641,781.0,
62210.0,for_sale,108000.0,4,1,0.94,1670695.0,Utuado,Puerto Rico,00641,13818.0,
60831.0,for_sale,550000.0,,,135.0,1946206.0,Utuado,Puerto Rico,00641,,
60830.0,for_sale,200000.0,,,18.66,1946206.0,Utuado,Puerto Rico,00641,,
1502.0,for_sale,69995.0,,,2.91,1856896.0,Utuado,Puerto Rico,00641,,
1589.0,for_sale,60000.0,,,1.96,1138118.0,Utuado,Puerto Rico,00641,,
60830.0,for_sale,550000.0,,,139.0,1946165.0,Utuado,Puerto Rico,00641,,
82827.0,for_sale,12000000.0,4,7,0.37,1189423.0,Dorado,Puerto Rico,00646,7096.0,
2050.0,for_sale,750000.0,3,3,0.24,1563413.0,Dorado,Puerto Rico,00646,2377.0,
55665.0,for_sale,550000.0,3,3,0.16,1858417.0,Dorado,Puerto Rico,00646,2000.0,
55665.0,for_sale,950000.0,4,3,0.14,1559180.0,Dorado,Puerto Rico,00646,2850.0,
16782.0,for_sale,1150000.0,5,3,0.14,1561183.0,Dorado,Puerto Rico,00646,3500.0,
33447.0,for_sale,5500000.0,3,2,0.24,1052081.0,Dorado,Puerto Rico,00646,2000.0,
77432.0,for_sale,16000000.0,4,7,0.75,955260.0,Dorado,Puerto Rico,00646,7000.0,
26006.0,for_sale,995000.0,4,3,0.25,1647493.0,Dorado,Puerto Rico,00646,2900.0,
7922.0,for_sale,595000.0,2,2,,1940276.0,Dorado,Puerto Rico,00646,1155.0,
26006.0,for_sale,1275000.0,4,4,0.25,1644677.0,Dorado,Puerto Rico,00646,2900.0,
7832.0,for_sale,1135000.0,4,3,0.15,1555726.0,Dorado,Puerto Rico,00646,2850.0,
16782.0,for_sale,4995000.0,3,4,0.22,600936.0,Dorado,Puerto Rico,00646,3100.0,
55665.0,for_sale,2500000.0,4,4,0.25,870230.0,Dorado,Puerto Rico,00646,3509.0,
61776.0,for_sale,5950000.0,3,5,0.23,834192.0,Dorado,Puerto Rico,00646,3200.0,
7832.0,for_sale,2849000.0,4,5,0.21,1136712.0,Dorado,Puerto Rico,00646,5000.0,
105192.0,for_sale,850000.0,4,2,0.21,1222456.0,Dorado,Puerto Rico,00646,999.0,
16782.0,for_sale,6495000.0,4,4,0.15,914459.0,Dorado,Puerto Rico,00646,6703.0,
72456.0,for_sale,1300000.0,7,4,,1463669.0,Dorado,Puerto Rico,00646,2767.0,
46788.0,for_sale,6350000.0,3,4,0.06,1944846.0,Dorado,Puerto Rico,00646,2500.0,
34000.0,for_sale,300000.0,4,4,0.07,,Dorado,Puerto Rico,00646,3090.0,
48921.0,for_sale,5900000.0,3,4,0.09,1521217.0,Dorado,Puerto Rico,00646,3914.0,
72728.0,for_sale,1775000.0,4,3,0.23,1318672.0,Dorado,Puerto Rico,00646,3337.0,
61776.0,for_sale,1795000.0,4,4,0.23,1189361.0,Dorado,Puerto Rico,00646,2900.0,
49555.0,for_sale,4600000.0,3,3,,1628662.0,Dorado,Puerto Rico,00646,3095.0,
7922.0,for_sale,1500000.0,3,3,13.65,1884217.0,Dorado,Puerto Rico,00646,1942.0,
61776.0,for_sale,3950000.0,7,6,0.26,809994.0,Dorado,Puerto Rico,00646,4800.0,
78468.0,for_sale,1250000.0,6,4,,1941881.0,Dorado,Puerto Rico,00646,1495.0,
16782.0,for_sale,3995000.0,,,0.47,1977870.0,Dorado,Puerto Rico,00646,,
92147.0,for_sale,97900.0,4,2,0.51,1567906.0,Hatillo,Puerto Rico,00659,1641.0,
62066.0,for_sale,58000.0,3,1,0.05,965293.0,Ponce,Puerto Rico,,790.0,
103378.0,for_sale,144900.0,4,4,0.2,597273.0,Hatillo,Puerto Rico,00685,1760.0,
61710.0,for_sale,265000.0,3,3,2.91,1902735.0,Moca,Puerto Rico,00676,2485.0,
3763.0,for_sale,99000.0,3,1,0.15,734101.0,Juana Diaz,Puerto Rico,00795,800.0,
52270.0,for_sale,76900.0,3,2,,1873083.0,Canovanas,Puerto Rico,00729,1200.0,2020-02-28
52707.0,for_sale,95000.0,3,1,0.1,918508.0,Ponce,Puerto Rico,00728,1100.0,
62210.0,for_sale,245000.0,4,3,0.22,1839307.0,Camuy,Puerto Rico,00678,900.0,
92147.0,for_sale,25000.0,,,1.07,1009906.0,Lares,Puerto Rico,00669,,
9664.0,for_sale,289000.0,,,65.07,597274.0,Arecibo,Puerto Rico,00612,,
102017.0,for_sale,28000.0,,,0.14,595781.0,Moca,Puerto Rico,00676,,
52707.0,for_sale,325000.0,,,4.22,263847.0,Lares,Puerto Rico,00669,,
52707.0,for_sale,103000.0,,,0.6,1855342.0,Ponce,Puerto Rico,00717,,
61710.0,for_sale,1000000.0,,,0.71,1856915.0,Villalba,Puerto Rico,00766,,
31239.0,for_sale,225000.0,3,3,0.72,782285.0,Ponce,Puerto Rico,00731,2460.0,
92147.0,for_sale,119000.0,3,2,0.08,113181.0,Juana Diaz,Puerto Rico,00795,1084.0,
103378.0,for_sale,97000.0,4,2,0.35,1946160.0,Juana Diaz,Puerto Rico,00795,1918.0,
81909.0,for_sale,210000.0,4,3,5.05,1902767.0,Ponce,Puerto Rico,00730,1520.0,
3633.0,for_sale,67600.0,4,1,0.8,1758795.0,Ponce,Puerto Rico,00731,921.0,
52707.0,for_sale,102900.0,3,1,0.09,1826163.0,Juana Diaz,Puerto Rico,00795,870.0,
92147.0,for_sale,121000.0,3,2,0.22,1241895.0,San Sebastian,Puerto Rico,00685,1134.0,
52707.0,for_sale,81000.0,4,2,0.15,1856963.0,Lares,Puerto Rico,00669,1597.0,
103378.0,for_sale,84900.0,3,2,0.08,1985075.0,Ponce,Puerto Rico,00731,1250.0,
74819.0,for_sale,99000.0,5,2,0.25,413713.0,Ponce,Puerto Rico,00728,2283.0,
52707.0,for_sale,120000.0,3,2,0.09,1903696.0,Jayuya,Puerto Rico,00664,1100.0,
103378.0,for_sale,106000.0,3,2,0.04,1985090.0,Ponce,Puerto Rico,00731,1547.0,
52707.0,for_sale,225000.0,4,2,0.2,1884228.0,Coamo,Puerto Rico,00769,1700.0,
103378.0,for_sale,74000.0,3,2,0.04,1985088.0,Ponce,Puerto Rico,00731,980.0,
52707.0,for_sale,85000.0,3,1,0.12,151181.0,Hatillo,Puerto Rico,00659,930.0,
3633.0,for_sale,54000.0,3,1,0.68,1565797.0,Ponce,Puerto Rico,00730,905.0,
49909.0,for_sale,65000.0,3,1,0.04,603596.0,Ponce,Puerto Rico,00716,1025.0,
3633.0,for_sale,126600.0,2,2,0.25,347753.0,Ponce,Puerto Rico,00730,1004.0,
31239.0,for_sale,349900.0,6,5,0.27,1255530.0,Ponce,Puerto Rico,00717,3953.0,
92147.0,for_sale,99000.0,3,1,0.11,1897240.0,Lares,Puerto Rico,00669,870.0,
87549.0,for_sale,67000.0,3,2,0.11,1916183.0,Yauco,Puerto Rico,00698,1000.0,
103378.0,for_sale,121500.0,4,1,0.11,1985091.0,Ponce,Puerto Rico,00731,1562.0,
52707.0,for_sale,17850.0,,,0.72,1856962.0,San Sebastian,Puerto Rico,00685,,
102017.0,for_sale,115000.0,3,2,0.25,1850850.0,San Sebastian,Puerto Rico,00685,875.0,
25119.0,for_sale,295000.0,5,3,2.43,1888384.0,Juana Diaz,Puerto Rico,00795,2625.0,
46667.0,for_sale,299000.0,4,2,0.09,1951672.0,Trujillo Alto,Puerto Rico,00976,1700.0,
52707.0,for_sale,250000.0,8,7,0.09,232978.0,Ponce,Puerto Rico,00730,4036.0,
52707.0,for_sale,50000.0,,,0.67,1902805.0,San Sebastian,Puerto Rico,00685,,
103378.0,for_sale,119900.0,,,11.0,1840771.0,Arecibo,Puerto Rico,00612,,
52707.0,for_sale,42000.0,,,0.3,1856964.0,Isabela,Puerto Rico,00685,,
81909.0,for_sale,40000.0,,,0.33,1966333.0,Santa Isabel,Puerto Rico,00757,,
92147.0,for_sale,236500.0,,,204.51,129949.0,Lares,Puerto Rico,00669,,
103378.0,for_sale,50000.0,,,0.25,1889893.0,Hatillo,Puerto Rico,00659,,
33888.0,for_sale,50000.0,,,0.21,1842726.0,Hatillo,Puerto Rico,00659,,
48586.0,for_sale,40000.0,,,0.15,1962544.0,Aguadilla,Puerto Rico,00603,,
107152.0,for_sale,195000.0,3,2,0.28,1966332.0,Aguadilla,Puerto Rico,00603,2000.0,
107152.0,for_sale,200000.0,3,2,0.22,6709.0,Aguadilla,Puerto Rico,00603,1895.0,
108464.0,for_sale,4000000.0,,,100.0,1946223.0,Aguadilla,Puerto Rico,00603,,
46019.0,for_sale,95000.0,6,2,0.11,385227.0,Hormigueros,Puerto Rico,00660,2914.0,
52464.0,for_sale,295000.0,3,2,0.12,1844373.0,Rincon,Puerto Rico,00677,2000.0,
52707.0,for_sale,128000.0,3,2,0.1,1884180.0,Hormigueros,Puerto Rico,00660,1100.0,
46019.0,for_sale,78000.0,,,0.62,1854836.0,Rincon,Puerto Rico,00677,,
107152.0,for_sale,195000.0,3,2,0.19,1856968.0,Isabela,Puerto Rico,00662,1800.0,
102017.0,for_sale,50000.0,,,0.25,166252.0,Rincon,Puerto Rico,00677,,
102017.0,for_sale,275000.0,,,6.77,914058.0,Rincon,Puerto Rico,00677,,
52707.0,for_sale,290000.0,,,87.41,1363444.0,Mayaguez,Puerto Rico,00680,,
61834.0,for_sale,350000.0,,,38.54,1857024.0,Cabo Rojo,Puerto Rico,00623,,
102017.0,for_sale,208799.0,,,0.52,1875948.0,Rincon,Puerto Rico,00677,,
102017.0,for_sale,219300.0,,,0.54,1179829.0,Rincon,Puerto Rico,00677,,
102017.0,for_sale,2000000.0,,,47.0,6708.0,Rincon,Puerto Rico,00677,,
88086.0,for_sale,81900.0,,,0.1,196143.0,Arecibo,Puerto Rico,00612,,
50999.0,for_sale,147600.0,3,3,0.22,6321.0,Arecibo,Puerto Rico,00612,2673.0,
103378.0,for_sale,109000.0,4,2,0.22,1844377.0,Arecibo,Puerto Rico,00612,2760.0,
50999.0,for_sale,73000.0,3,1,0.08,8850.0,Arecibo,Puerto Rico,00612,785.0,
71837.0,for_sale,135000.0,,,18.0,553868.0,Arecibo,Puerto Rico,00612,,
60622.0,for_sale,78000.0,3,1,0.25,1854803.0,Arecibo,Puerto Rico,00612,1403.0,
108464.0,for_sale,4700000.0,,,235.0,1946209.0,Arecibo,Puerto Rico,00612,,
1589.0,for_sale,270000.0,,,6.21,915601.0,Arecibo,Puerto Rico,00612,,
108464.0,for_sale,4475000.0,,,179.0,1946323.0,Arecibo,Puerto Rico,00612,,
52707.0,for_sale,39000.0,,,0.97,1902748.0,Arecibo,Puerto Rico,00612,,
47940.0,for_sale,81900.0,6,4,,196144.0,Arecibo,Puerto Rico,00612,2200.0,
80224.0,for_sale,50000.0,,,0.2,1966331.0,Arecibo,Puerto Rico,00612,,
80224.0,for_sale,50000.0,,,0.2,1966329.0,Arecibo,Puerto Rico,00612,,
103378.0,for_sale,69000.0,3,2,0.08,1985069.0,Arecibo,Puerto Rico,00612,1050.0,
103378.0,for_sale,65000.0,,,0.24,1840773.0,Arecibo,Puerto Rico,00612,,
92147.0,for_sale,95000.0,2,1,,596191.0,Hatillo,Puerto Rico,00612,940.0,
103378.0,for_sale,63500.0,,,0.23,1840774.0,Arecibo,Puerto Rico,00612,,
107152.0,for_sale,195000.0,4,2,0.2,1667519.0,Isabela,Puerto Rico,00662,1933.0,
92147.0,for_sale,62000.0,4,2,0.36,1245912.0,Vega Baja,Puerto Rico,00693,,
92147.0,for_sale,125000.0,3,2,0.08,14751.0,Manati,Puerto Rico,00674,1086.0,
1205.0,for_sale,77000.0,4,2,0.11,398184.0,Vega Baja,Puerto Rico,00693,1688.0,
49608.0,for_sale,82000.0,3,1,,1843332.0,Vega Baja,Puerto Rico,00693,748.0,
103378.0,for_sale,299900.0,4,2,0.11,1985087.0,Hatillo,Puerto Rico,00659,2327.0,
52707.0,for_sale,28000.0,,,0.12,1902836.0,Florida,Puerto Rico,00650,,
52707.0,for_sale,225000.0,,,8.54,418957.0,Morovis,Puerto Rico,00687,,
103379.0,for_sale,75200.0,3,1,0.09,1837493.0,Vega Baja,Puerto Rico,00693,1000.0,
33888.0,for_sale,160000.0,,,0.49,1902787.0,Hatillo,Puerto Rico,00659,,
33888.0,for_sale,119000.0,,,1.29,1760944.0,Hatillo,Puerto Rico,00659,,
99732.0,for_sale,497000.0,,,,1902842.0,Arecibo,Puerto Rico,00652,,
60622.0,for_sale,89000.0,,,0.22,1855430.0,Quebradillas,Puerto Rico,00678,,
12434.0,for_sale,1900000.0,,,5.64,6034.0,Quebradillas,Puerto Rico,00678,,
92147.0,for_sale,60660.0,4,3,10.76,242228.0,Dorado,Puerto Rico,00646,,
92147.0,for_sale,110000.0,7,3,0.09,1842706.0,Dorado,Puerto Rico,00949,1192.0,2019-06-28
103379.0,for_sale,63000.0,2,1,0.15,1837542.0,Vega Baja,Puerto Rico,00693,1000.0,
77433.0,for_sale,265000.0,6,3,4.94,1308694.0,Vega Alta,Puerto Rico,00692,3000.0,
92147.0,for_sale,88000.0,3,1,0.15,1856982.0,Corozal,Puerto Rico,00783,934.0,
109906.0,for_sale,102000.0,3,1,0.07,1879245.0,Vega Alta,Puerto Rico,00962,1025.0,
52707.0,for_sale,150000.0,,,12.62,1946311.0,Corozal,Puerto Rico,00783,,
52707.0,for_sale,180000.0,,,28.07,1902756.0,Corozal,Puerto Rico,00873,,
103378.0,for_sale,30000.0,3,2,0.08,1985062.0,Guanica,Puerto Rico,00653,1066.0,
52707.0,for_sale,77000.0,6,3,0.13,856219.0,Mayaguez,Puerto Rico,00680,2110.0,
50999.0,for_sale,154000.0,3,2,0.1,1757044.0,Cabo Rojo,Puerto Rico,00623,1708.0,
87549.0,for_sale,29000.0,2,1,,1318280.0,Mayaguez,Puerto Rico,00680,900.0,
31239.0,for_sale,157000.0,4,2,3.75,1902721.0,Lajas,Puerto Rico,00667,1473.0,
102017.0,for_sale,229500.0,7,5,0.04,1394765.0,Mayaguez,Puerto Rico,00680,,
103378.0,for_sale,60150.0,3,1,0.04,1988291.0,Mayaguez,Puerto Rico,00680,975.0,
102017.0,for_sale,219000.0,7,3,0.1,501075.0,Mayaguez,Puerto Rico,00680,1000.0,
50739.0,for_sale,159900.0,3,2,0.16,1136071.0,Cabo Rojo,Puerto Rico,00623,1100.0,
,for_sale,55000.0,,,0.85,599860.0,Hormigueros,Puerto Rico,00660,,
46019.0,for_sale,149900.0,2,1,,7026.0,Cabo Rojo,Puerto Rico,00623,854.0,
3763.0,for_sale,44000.0,,,0.47,1902793.0,Lajas,Puerto Rico,00667,,
77601.0,for_sale,80000.0,,,2.5,6962.0,Cabo Rojo,Puerto Rico,00623,,
102017.0,for_sale,60000.0,,,0.25,1966349.0,Cabo Rojo,Puerto Rico,00623,,
87549.0,for_sale,48500.0,,,0.22,1902724.0,Cabo Rojo,Puerto Rico,00623,,
57043.0,for_sale,65000.0,,,0.57,1446873.0,Lajas,Puerto Rico,00667,,
87549.0,for_sale,160000.0,,,59.04,1902733.0,Cabo Rojo,Puerto Rico,00623,,
61834.0,for_sale,385000.0,,,24.69,1902876.0,Lajas,Puerto Rico,00667,,
52707.0,for_sale,45000.0,,,0.22,1902796.0,San German,Puerto Rico,00683,,
60622.0,for_sale,80000.0,,,0.3,947745.0,Cabo Rojo,Puerto Rico,00623,,
81495.0,for_sale,495000.0,,,31.08,1902728.0,Cabo Rojo,Puerto Rico,00623,,
61834.0,for_sale,275000.0,,,7.88,933051.0,Cabo Rojo,Puerto Rico,00623,,
102017.0,for_sale,199500.0,,,24.28,793077.0,Cabo Rojo,Puerto Rico,00623,,
78414.0,for_sale,150000.0,,,1.94,58246.0,Cabo Rojo,Puerto Rico,00623,,
52707.0,for_sale,844500.0,,,10.98,1844115.0,Mayaguez,Puerto Rico,00682,,
86036.0,for_sale,2000000.0,,,3.84,1620068.0,Cabo Rojo,Puerto Rico,00623,,
87549.0,for_sale,107000.0,3,2,0.15,1868631.0,Cabo Rojo,Puerto Rico,00623,1045.0,
31238.0,for_sale,189900.0,4,3,0.25,1947577.0,Cabo Rojo,Puerto Rico,00623,1622.0,
52707.0,for_sale,186900.0,3,2,,1571899.0,Cabo Rojo,Puerto Rico,00623,1674.0,
48392.0,for_sale,265000.0,6,6,0.25,13741.0,Cabo Rojo,Puerto Rico,00623,2500.0,
1981.0,for_sale,535000.0,4,5,0.51,1988290.0,Cabo Rojo,Puerto Rico,00623,2422.0,
52707.0,for_sale,53000.0,,,0.33,1902738.0,Las Piedras,Puerto Rico,00623,,
101.0,for_sale,60000.0,,,0.16,1311115.0,Cabo Rojo,Puerto Rico,00623,,
49045.0,for_sale,55000.0,,,0.23,58867.0,Cabo Rojo,Puerto Rico,00623,,
101.0,for_sale,65000.0,,,0.25,1902731.0,Cabo Rojo,Puerto Rico,00623,,
26163.0,for_sale,89000.0,,,1.0,1850838.0,Cabo Rojo,Puerto Rico,00623,,
101.0,for_sale,85000.0,,,0.21,1566271.0,Cabo Rojo,Puerto Rico,00623,,
72216.0,for_sale,215000.0,,,0.9,,Cabo Rojo,Puerto Rico,00623,,
87549.0,for_sale,150000.0,,,1.46,1966334.0,Cabo Rojo,Puerto Rico,00623,,
108464.0,for_sale,7000000.0,,,350.0,1946167.0,Cabo Rojo,Puerto Rico,00623,,
52707.0,for_sale,170000.0,4,2,0.12,1241669.0,Yauco,Puerto Rico,00698,1800.0,
33888.0,for_sale,319000.0,3,3,0.26,1902745.0,Hatillo,Puerto Rico,00659,3227.0,
80224.0,for_sale,110000.0,,,2.91,1982776.0,Hatillo,Puerto Rico,00659,,
33888.0,for_sale,150000.0,,,0.97,1902754.0,Quebradillas,Puerto Rico,00678,,
52707.0,for_sale,69900.0,5,3,0.16,1856965.0,Isabela,Puerto Rico,00662,1886.0,
52707.0,for_sale,55000.0,3,1,0.07,1927727.0,Juana Diaz,Puerto Rico,00795,750.0,
62210.0,for_sale,132000.0,3,1,0.74,918080.0,Lares,Puerto Rico,00669,2500.0,
3633.0,for_sale,77000.0,6,3,1.4,1798657.0,Juncos,Puerto Rico,00777,2392.0,
47931.0,for_sale,119500.0,3,2,,7410.0,Ponce,Puerto Rico,00728,907.0,
77601.0,for_sale,95000.0,3,1,0.27,1856993.0,Lares,Puerto Rico,00669,1070.0,
52707.0,for_sale,59000.0,2,2,0.05,1856900.0,Lares,Puerto Rico,00669,1173.0,
87549.0,for_sale,100000.0,4,3,0.18,1948620.0,San Sebastian,Puerto Rico,00685,2000.0,
52707.0,for_sale,95000.0,3,3,0.29,842243.0,Guayanilla,Puerto Rico,00656,1591.0,
103378.0,for_sale,114000.0,3,2,0.05,1985089.0,Ponce,Puerto Rico,00731,900.0,
52707.0,for_sale,63000.0,4,1,0.09,645349.0,Yauco,Puerto Rico,00698,1087.0,
52707.0,for_sale,367500.0,5,3,19.44,1856899.0,Lares,Puerto Rico,00669,3907.0,
52707.0,for_sale,105000.0,,,1.35,1201547.0,Quebradillas,Puerto Rico,00678,,
52707.0,for_sale,90000.0,,,0.54,1902813.0,Ponce,Puerto Rico,00728,,
102017.0,for_sale,115000.0,1,1,,10347.0,Rincon,Puerto Rico,00677,568.0,
102017.0,for_sale,430000.0,,,1.6,1947120.0,Rincon,Puerto Rico,00677,,
47983.0,for_sale,49000.0,,,0.22,1234701.0,Aguada,Puerto Rico,00676,,
102017.0,for_sale,180000.0,7,3,0.37,595782.0,Rincon,Puerto Rico,00677,,
52707.0,for_sale,425000.0,4,3,0.4,384896.0,Mayaguez,Puerto Rico,00682,2711.0,
77601.0,for_sale,115000.0,,,1.94,1902869.0,Anasco,Puerto Rico,00680,,
80224.0,for_sale,55000.0,,,0.21,1855375.0,Hatillo,Puerto Rico,00659,,
102017.0,for_sale,75000.0,,,0.75,1181962.0,Rincon,Puerto Rico,00677,,
46019.0,for_sale,104200.0,,,0.58,1946277.0,Rincon,Puerto Rico,00677,,
92147.0,for_sale,95600.0,3,1,0.05,1898054.0,Dorado,Puerto Rico,00646,816.0,
40689.0,for_sale,120000.0,5,2,0.05,1837587.0,Dorado,Puerto Rico,00646,1600.0,
46788.0,for_sale,1795000.0,7,5,0.1,1774774.0,Dorado,Puerto Rico,00646,3870.0,
49909.0,for_sale,1600000.0,3,3,0.21,3449.0,Dorado,Puerto Rico,00646,2462.0,
52707.0,for_sale,800000.0,,,4.86,1902840.0,Dorado,Puerto Rico,00646,,
88441.0,for_sale,15000000.0,3,3,,604394.0,Dorado,Puerto Rico,00646,4265.0,
73744.0,for_sale,9900000.0,,,1.0,1988121.0,Dorado,Puerto Rico,00646,,
16532.0,for_sale,7995000.0,,,0.94,596245.0,Dorado,Puerto Rico,00646,,
16782.0,for_sale,6995000.0,,,1.3,1988122.0,Dorado,Puerto Rico,00646,,
19383.0,for_sale,750000.0,4,3,,,Dorado,Puerto Rico,00646,2178.0,
52707.0,for_sale,819000.0,4,2,0.12,1903688.0,Dorado,Puerto Rico,00646,2381.0,
54341.0,for_sale,550000.0,2,2,,619205.0,Dorado,Puerto Rico,00646,1260.0,
55906.0,for_sale,15000000.0,6,7,0.36,1092824.0,Dorado,Puerto Rico,00646,6500.0,
108464.0,for_sale,1200000.0,5,5,0.02,1516763.0,Dorado,Puerto Rico,00646,4850.0,
81495.0,for_sale,9995000.0,6,7,0.25,831352.0,Dorado,Puerto Rico,00646,5500.0,
61594.0,for_sale,825000.0,4,5,0.08,1739549.0,Dorado,Puerto Rico,00646,,
29510.0,for_sale,989000.0,4,4,0.13,1884191.0,Dorado,Puerto Rico,00646,2800.0,
83881.0,for_sale,83600.0,2,1,0.19,1837510.0,Dorado,Puerto Rico,00646,834.0,
72456.0,for_sale,889000.0,5,4,,1898695.0,Dorado,Puerto Rico,00646,2489.0,
16782.0,for_sale,8500000.0,6,7,0.3,1063916.0,Dorado,Puerto Rico,00646,5073.0,
72283.0,for_sale,16500000.0,7,8,0.9,596246.0,Dorado,Puerto Rico,00646,10000.0,
46462.0,for_sale,12500000.0,6,9,0.64,1095169.0,Dorado,Puerto Rico,00646,6554.0,
16782.0,for_sale,7500000.0,4,6,0.22,981326.0,Dorado,Puerto Rico,00646,4400.0,
29510.0,for_sale,19500000.0,5,7,0.3,1335589.0,Dorado,Puerto Rico,00646,5000.0,
78468.0,for_sale,550000.0,3,4,,1308541.0,Dorado,Puerto Rico,00646,,
105192.0,for_sale,825000.0,4,4,0.32,1739550.0,Dorado,Puerto Rico,00646,2800.0,
55906.0,for_sale,17000000.0,5,7,0.55,1758064.0,Dorado,Puerto Rico,00646,6000.0,
77432.0,for_sale,9200000.0,4,6,0.24,887216.0,Dorado,Puerto Rico,00646,4414.0,
77432.0,for_sale,8995000.0,6,8,0.55,484409.0,Dorado,Puerto Rico,00646,6398.0,
29510.0,for_sale,2500000.0,4,5,0.25,985817.0,Dorado,Puerto Rico,00646,5000.0,
61543.0,for_sale,1500000.0,4,4,0.24,1837558.0,Dorado,Puerto Rico,00646,3015.0,
55665.0,for_sale,1700000.0,3,4,0.18,676715.0,Dorado,Puerto Rico,00646,2900.0,
29911.0,for_sale,1300000.0,4,3,0.02,1941871.0,Dorado,Puerto Rico,00646,2900.0,
16782.0,for_sale,995000.0,3,3,,1940223.0,Dorado,Puerto Rico,00646,1492.0,
59533.0,for_sale,189500.0,3,2,0.09,599733.0,Dorado,Puerto Rico,00646,1380.0,
55665.0,for_sale,13700000.0,5,5,0.25,1315983.0,Dorado,Puerto Rico,00646,4200.0,
16782.0,for_sale,5195000.0,3,4,0.22,577950.0,Dorado,Puerto Rico,00646,3500.0,
52707.0,for_sale,245000.0,4,2,0.11,1875975.0,Dorado,Puerto Rico,00646,1820.0,
103379.0,for_sale,141000.0,3,2,0.23,385484.0,Dorado,Puerto Rico,00646,1298.0,
81495.0,for_sale,375000.0,3,2,,1539150.0,Vega Alta,Puerto Rico,00646,1564.0,
5471.0,for_sale,19950000.0,3,3,,604396.0,Dorado,Puerto Rico,00646,4341.0,
7978.0,for_sale,2750000.0,4,6,0.25,10770.0,Dorado,Puerto Rico,00646,4200.0,
72283.0,for_sale,9500000.0,6,8,0.25,438617.0,Dorado,Puerto Rico,00646,,
35686.0,for_sale,795000.0,3,2,,1940206.0,Dorado,Puerto Rico,00646,1944.0,
16782.0,for_sale,16995000.0,3,4,,604395.0,Dorado,Puerto Rico,00646,,
78468.0,for_sale,2100000.0,4,4,,1941880.0,Dorado,Puerto Rico,00646,2624.0,
59817.0,for_sale,2500000.0,5,4,0.24,1244330.0,Dorado,Puerto Rico,00646,4791.0,
50999.0,for_sale,97000.0,3,2,0.06,1879244.0,Dorado,Puerto Rico,00646,1200.0,
52707.0,for_sale,800000.0,4,4,,1089628.0,Dorado,Puerto Rico,00646,882.0,
49873.0,for_sale,1200000.0,3,3,,1900775.0,Dorado,Puerto Rico,00646,1983.0,
102909.0,for_sale,879000.0,,,0.2,1917194.0,Dorado,Puerto Rico,00646,,
108122.0,for_sale,199000.0,3,3,0.25,940889.0,Mayaguez,Puerto Rico,00682,2100.0,
102017.0,for_sale,389000.0,3,2,0.43,1177289.0,Rincon,Puerto Rico,00677,1500.0,
102017.0,for_sale,720000.0,3,3,,1667517.0,Aguada,Puerto Rico,00677,2715.0,
102017.0,for_sale,295000.0,2,2,,1970811.0,Rincon,Puerto Rico,00677,875.0,
66561.0,for_sale,2500000.0,,4,1.0,1413287.0,Rincon,Puerto Rico,00677,,
61834.0,for_sale,55000.0,,,0.26,1967738.0,Mayaguez,Puerto Rico,00682,,
102017.0,for_sale,245000.0,,,0.19,731378.0,Rincon,Puerto Rico,00677,,
99277.0,for_sale,650000.0,,,1.4,747783.0,Rincon,Puerto Rico,,,
28817.0,for_sale,14000000.0,,,18.5,1302796.0,Hatillo,Puerto Rico,00659,,
52707.0,for_sale,59000.0,4,2,0.04,667776.0,Mayaguez,Puerto Rico,00680,960.0,
52707.0,for_sale,44000.0,2,3,0.03,1104887.0,Guanica,Puerto Rico,00653,1823.0,
61710.0,for_sale,170000.0,2,1,0.97,1060070.0,Mayaguez,Puerto Rico,00680,1475.0,
92147.0,for_sale,255200.0,3,2,0.29,1638068.0,Mayaguez,Puerto Rico,00682,2031.0,
18211.0,for_sale,109955.0,4,2,0.05,1902846.0,Mayaguez,Puerto Rico,00680,563.0,
46019.0,for_sale,38000.0,,,0.11,1946227.0,Moca,Puerto Rico,00676,,
102017.0,for_sale,699000.0,,,7.17,10155.0,Aguada,Puerto Rico,00662,,
102017.0,for_sale,500000.0,,,8.9,1181931.0,Rincon,Puerto Rico,00677,,
102017.0,for_sale,269000.0,,,0.74,1136774.0,Rincon,Puerto Rico,00677,,
86036.0,for_sale,299000.0,,,0.29,1180129.0,Rincon,Puerto Rico,00677,,
46019.0,for_sale,120000.0,,,0.37,1946165.0,Rincon,Puerto Rico,00677,,
52707.0,for_sale,35000.0,3,1,0.22,302015.0,Mayaguez,Puerto Rico,00680,746.0,
103378.0,for_sale,174900.0,7,4,0.11,1947449.0,Quebradillas,Puerto Rico,00678,2500.0,
87549.0,for_sale,50300.0,3,1,0.23,1837364.0,Mayaguez,Puerto Rico,00680,962.0,
87549.0,for_sale,55000.0,5,2,0.32,1902752.0,Mayaguez,Puerto Rico,00680,1500.0,
52707.0,for_sale,42000.0,2,1,0.05,937205.0,Ponce,Puerto Rico,00716,714.0,
52707.0,for_sale,50500.0,2,1,0.12,872407.0,Guanica,Puerto Rico,00653,612.0,
52707.0,for_sale,40000.0,2,1,0.12,1005430.0,Hormigueros,Puerto Rico,00660,811.0,
103378.0,for_sale,90000.0,2,1,0.11,1861977.0,Hatillo,Puerto Rico,00659,784.0,
109906.0,for_sale,150000.0,4,2,0.09,218197.0,Mayaguez,Puerto Rico,00682,1050.0,
102017.0,for_sale,140000.0,3,1,0.52,6712.0,San Sebastian,Puerto Rico,00685,1200.0,
103378.0,for_sale,105000.0,3,1,0.27,1844372.0,Quebradillas,Puerto Rico,00678,950.0,
52707.0,for_sale,75000.0,3,1,0.06,894551.0,Guanica,Puerto Rico,00653,1503.0,
52707.0,for_sale,145000.0,3,2,,1877129.0,Ponce,Puerto Rico,00716,1235.0,
87549.0,for_sale,74300.0,2,2,0.17,1966338.0,Mayaguez,Puerto Rico,00680,850.0,
102017.0,for_sale,725000.0,3,2,2.2,1174225.0,Rincon,Puerto Rico,00677,2000.0,
52707.0,for_sale,425000.0,5,5,0.31,917166.0,Mayaguez,Puerto Rico,00682,4387.0,
87549.0,for_sale,40000.0,,,0.16,1168990.0,Hormigueros,Puerto Rico,00660,,
52707.0,for_sale,145000.0,1,1,,1840567.0,Guanica,Puerto Rico,00647,729.0,
47983.0,for_sale,310000.0,,,6.9,1902897.0,Rincon,Puerto Rico,00677,,
46019.0,for_sale,50000.0,,,0.42,1946165.0,Moca,Puerto Rico,00676,,
86036.0,for_sale,219000.0,,,0.27,791277.0,Rincon,Puerto Rico,00677,,
52707.0,for_sale,210000.0,,,2.95,1902726.0,Lajas,Puerto Rico,00667,,
102017.0,for_sale,220000.0,,,0.54,1179841.0,Rincon,Puerto Rico,00677,,
52707.0,for_sale,81000.0,7,4,0.08,1902777.0,Las Marias,Puerto Rico,00670,3174.0,
52707.0,for_sale,105000.0,2,1,2.72,1902774.0,San Sebastian,Puerto Rico,00685,870.0,
1589.0,for_sale,120000.0,4,3,2.64,1243378.0,Hatillo,Puerto Rico,00659,1578.0,
103378.0,for_sale,63000.0,4,2,0.48,1844375.0,Hormigueros,Puerto Rico,00660,1233.0,
52707.0,for_sale,130000.0,6,2,0.1,117387.0,Moca,Puerto Rico,00676,2002.0,
87549.0,for_sale,80000.0,3,2,0.1,1902769.0,Lajas,Puerto Rico,00667,900.0,
52707.0,for_sale,500000.0,3,3,1.94,1856903.0,San German,Puerto Rico,00683,2410.0,
108122.0,for_sale,339800.0,5,3,0.18,1446872.0,Mayaguez,Puerto Rico,00680,4200.0,
52707.0,for_sale,900000.0,5,3,0.23,1902759.0,Guanica,Puerto Rico,00653,4046.0,
47983.0,for_sale,499500.0,3,3,,1856514.0,Rincon,Puerto Rico,00677,1357.0,
52707.0,for_sale,80000.0,1,1,,694332.0,Ponce,Puerto Rico,00717,800.0,
46019.0,for_sale,35000.0,,,0.1,1946165.0,Moca,Puerto Rico,00676,,
46019.0,for_sale,65000.0,,,0.97,1940185.0,Rincon,Puerto Rico,00677,,
46019.0,for_sale,29000.0,,,0.32,1946165.0,Moca,Puerto Rico,00676,,
46019.0,for_sale,80000.0,,,0.39,1946165.0,San Sebastian,Puerto Rico,00685,,
102017.0,for_sale,1200000.0,,,5.04,1177288.0,Rincon,Puerto Rico,00677,,
46019.0,for_sale,500000.0,,,1.6,1946165.0,Rincon,Puerto Rico,00677,,
102017.0,for_sale,150000.0,,,0.62,1177252.0,Rincon,Puerto Rico,00677,,
66561.0,for_sale,14500000.0,6,6,45.0,1940602.0,Rincon,Puerto Rico,00677,10000.0,
52707.0,for_sale,69000.0,8,3,0.97,1902740.0,San Sebastian,Puerto Rico,00685,2250.0,
3633.0,for_sale,63000.0,2,1,0.37,1843069.0,Ponce,Puerto Rico,00731,803.0,
3633.0,for_sale,99000.0,3,2,0.54,1056679.0,Ponce,Puerto Rico,00730,1106.0,
3633.0,for_sale,84000.0,3,1,0.83,1868714.0,Ponce,Puerto Rico,00731,599.0,
87549.0,for_sale,34000.0,3,1,0.22,1312107.0,Yauco,Puerto Rico,00698,1500.0,
103378.0,for_sale,460000.0,10,9,1.94,1960733.0,San Sebastian,Puerto Rico,00685,,
103378.0,for_sale,269000.0,4,2,107.64,1898387.0,Isabela,Puerto Rico,00662,,
40689.0,for_sale,110000.0,3,1,0.05,1155898.0,Ponce,Puerto Rico,00730,900.0,
62210.0,for_sale,98000.0,3,1,0.35,12727.0,Lares,Puerto Rico,00669,1427.0,
52707.0,for_sale,85000.0,3,1,0.32,276791.0,Mayaguez,Puerto Rico,00682,1300.0,
46019.0,for_sale,290000.0,4,3,0.59,888635.0,Mayaguez,Puerto Rico,00680,2374.0,
102017.0,for_sale,375000.0,3,3,0.23,848339.0,Moca,Puerto Rico,00676,2400.0,
52707.0,for_sale,380000.0,3,3,0.31,1757171.0,Ponce,Puerto Rico,00731,3806.0,
60028.0,for_sale,350000.0,3,3,0.24,957156.0,Isabela,Puerto Rico,00662,2482.0,
77885.0,for_sale,167000.0,3,2,0.25,1902783.0,San German,Puerto Rico,00683,1300.0,
103378.0,for_sale,131000.0,4,2,0.08,1985072.0,Ponce,Puerto Rico,00731,1460.0,
87549.0,for_sale,74900.0,3,1,0.12,1902761.0,Mayaguez,Puerto Rico,00680,1000.0,
61834.0,for_sale,400000.0,7,4,0.39,82996.0,Mayaguez,Puerto Rico,00682,17198.0,
107152.0,for_sale,260000.0,3,2,0.42,1256914.0,San Sebastian,Puerto Rico,00685,2100.0,
52707.0,for_sale,114900.0,3,2,,1838910.0,Ponce,Puerto Rico,00716,1275.0,
96048.0,for_sale,264900.0,4,3,0.12,1312998.0,Mayaguez,Puerto Rico,00680,2300.0,
52707.0,for_sale,365000.0,3,2,0.21,1902785.0,Hatillo,Puerto Rico,00659,3515.0,
52707.0,for_sale,850000.0,4,3,0.15,1756991.0,Lajas,Puerto Rico,00667,1857.0,
86036.0,for_sale,335000.0,4,2,0.06,482929.0,Ponce,Puerto Rico,00728,2268.0,
52707.0,for_sale,225000.0,4,2,0.09,269267.0,Ponce,Puerto Rico,00728,2710.0,
46019.0,for_sale,135000.0,,,0.56,1902790.0,Rincon,Puerto Rico,00677,,
52707.0,for_sale,39000.0,,,0.15,242518.0,Moca,Puerto Rico,00676,,
87549.0,for_sale,50500.0,,,1.04,1856951.0,Cabo Rojo,Puerto Rico,00728,,
46019.0,for_sale,600000.0,,,12.24,1946165.0,Rincon,Puerto Rico,00677,,
109906.0,for_sale,350000.0,,,0.32,1850841.0,Lajas,Puerto Rico,00667,,
40689.0,for_sale,99000.0,6,3,0.07,744236.0,Mayaguez,Puerto Rico,00682,1858.0,
103378.0,for_sale,130000.0,4,2,0.23,1850842.0,Hatillo,Puerto Rico,00659,1384.0,
87549.0,for_sale,90000.0,3,2,,1307658.0,Mayaguez,Puerto Rico,00682,1000.0,
109329.0,for_sale,380000.0,3,3,0.52,384017.0,Mayaguez,Puerto Rico,00682,2000.0,
86036.0,for_sale,3799000.0,5,7,0.24,1538005.0,Rincon,Puerto Rico,00677,4500.0,
47983.0,for_sale,629000.0,6,5,0.14,1902719.0,Rincon,Puerto Rico,00677,3625.0,
102017.0,for_sale,425000.0,2,1,0.07,1174226.0,Rincon,Puerto Rico,00677,1000.0,
47983.0,for_sale,295000.0,2,2,,1902732.0,Rincon,Puerto Rico,00677,1405.0,
103378.0,for_sale,54900.0,,,0.2,1855936.0,Camuy,Puerto Rico,00661,,
60028.0,for_sale,350000.0,3,1,0.36,1946276.0,Rincon,Puerto Rico,00677,1214.0,
47983.0,for_sale,399000.0,2,2,,1856961.0,Rincon,Puerto Rico,00677,1208.0,
102017.0,for_sale,599000.0,12,4,0.12,1856956.0,Rincon,Puerto Rico,00677,3000.0,
58284.0,for_sale,225000.0,,,1.18,1136775.0,Rincon,Puerto Rico,00677,,
102017.0,for_sale,569000.0,,,0.5,268780.0,Rincon,Puerto Rico,00677,,
60622.0,for_sale,47000.0,,,0.36,1857019.0,Isabela,Puerto Rico,00662,,
40689.0,for_sale,310000.0,5,3,0.39,862218.0,Ponce,Puerto Rico,00716,3100.0,
65672.0,for_sale,100000.0,,,0.29,1666840.0,Quebradillas,Puerto Rico,00678,,
43374.0,for_sale,125000.0,3,1,0.17,458189.0,Juana Diaz,Puerto Rico,00715,1080.0,
103379.0,for_sale,85000.0,6,4,0.79,12687.0,Orocovis,Puerto Rico,00720,2345.0,
1205.0,for_sale,55000.0,2,1,0.09,1219018.0,Toa Baja,Puerto Rico,00949,1035.0,
103378.0,for_sale,29900.0,6,2,0.03,1844381.0,Manati,Puerto Rico,00674,1200.0,
49909.0,for_sale,70000.0,3,2,0.09,1417550.0,Manati,Puerto Rico,00674,2417.0,
3633.0,for_sale,103000.0,7,4,0.69,1843284.0,Toa Alta,Puerto Rico,00972,2106.0,
18214.0,for_sale,254900.0,4,2,0.11,1868655.0,Vega Alta,Puerto Rico,00692,2500.0,
52707.0,for_sale,110000.0,3,2,0.09,13689.0,Manati,Puerto Rico,00674,951.0,
103378.0,for_sale,165000.0,5,3,0.07,1985092.0,Manati,Puerto Rico,00674,1700.0,
52270.0,for_sale,108000.0,3,2,,1831538.0,Vega Baja,Puerto Rico,00963,1120.0,
52707.0,for_sale,21000.0,,,1.56,1416502.0,Corozal,Puerto Rico,00783,,
103378.0,for_sale,15900.0,,,0.15,1844371.0,Florida,Puerto Rico,00650,,
43853.0,for_sale,75000.0,,,2.57,462700.0,Naranjito,Puerto Rico,00719,,
92147.0,for_sale,82700.0,2,2,0.03,1913261.0,Ciales,Puerto Rico,,1111.0,
52707.0,for_sale,100000.0,2,1,0.13,680301.0,Vega Alta,Puerto Rico,00692,1694.0,
52707.0,for_sale,105000.0,4,2,0.15,1902794.0,Vega Alta,Puerto Rico,00692,6458.0,
52707.0,for_sale,170000.0,5,3,0.21,1902730.0,Vega Alta,Puerto Rico,00692,3080.0,
103378.0,for_sale,19900.0,3,1,0.04,1844345.0,Manati,Puerto Rico,00674,595.0,
52270.0,for_sale,49300.0,3,2,0.07,698213.0,Vega Alta,Puerto Rico,00692,800.0,
52707.0,for_sale,75500.0,3,1,0.16,1856983.0,Corozal,Puerto Rico,00783,832.0,
52270.0,for_sale,80000.0,3,2,0.26,387417.0,Toa Alta,Puerto Rico,00953,1000.0,
52707.0,for_sale,175000.0,3,2,0.1,1884156.0,Arecibo,Puerto Rico,00613,1211.0,
40689.0,for_sale,32000.0,3,1,0.08,651743.0,Vega Baja,Puerto Rico,00693,770.0,
52707.0,for_sale,145000.0,3,3,0.36,1902850.0,Barranquitas,Puerto Rico,00794,1015.0,
103379.0,for_sale,89000.0,3,2,,1767498.0,Vega Baja,Puerto Rico,00693,1063.0,
86129.0,for_sale,70000.0,3,1,0.15,221168.0,Toa Alta,Puerto Rico,00953,2092.0,
103378.0,for_sale,135000.0,3,2,,1840201.0,Vega Baja,Puerto Rico,00693,1158.0,
52270.0,for_sale,66500.0,3,1,,350048.0,Vega Alta,Puerto Rico,00692,805.0,
52270.0,for_sale,169000.0,4,2,0.15,377106.0,Toa Baja,Puerto Rico,00949,1970.0,
78414.0,for_sale,300000.0,4,3,0.15,1898688.0,Manati,Puerto Rico,00674,568.0,
44572.0,for_sale,320000.0,3,2,5.82,1856922.0,Orocovis,Puerto Rico,,,
18211.0,for_sale,70000.0,,,0.26,1913920.0,Morovis,Puerto Rico,00687,,
52707.0,for_sale,279000.0,,,18.28,1902861.0,Arecibo,Puerto Rico,00652,,
67333.0,for_sale,115000.0,6,2,0.39,1857228.0,Coamo,Puerto Rico,00725,2329.0,
92147.0,for_sale,73700.0,3,1,0.49,1500471.0,Vega Alta,Puerto Rico,00692,945.0,
52707.0,for_sale,59000.0,2,1,0.19,1854802.0,Vega Baja,Puerto Rico,00692,959.0,
52270.0,for_sale,82000.0,4,3,0.25,1139577.0,Toa Alta,Puerto Rico,00953,1490.0,
103378.0,for_sale,96000.0,6,3,0.08,1985093.0,Vega Baja,Puerto Rico,00693,1928.0,
52707.0,for_sale,135000.0,5,2,0.09,2001321.0,Morovis,Puerto Rico,00687,1414.0,
19250.0,for_sale,57000.0,3,1,0.08,1708540.0,Coamo,Puerto Rico,00769,1009.0,
31474.0,for_sale,30000.0,2,1,0.02,696471.0,Manati,Puerto Rico,00674,896.0,
3633.0,for_sale,167000.0,3,2,1.15,1884181.0,Coamo,Puerto Rico,00765,1326.0,
92147.0,for_sale,43700.0,7,2,0.03,4985.0,Toa Baja,Puerto Rico,00949,1130.0,
31474.0,for_sale,58000.0,2,1,0.03,1009983.0,Manati,Puerto Rico,00674,784.0,
59533.0,for_sale,73300.0,3,2,0.1,16116.0,Fajardo,Puerto Rico,00738,1150.0,
19801.0,for_sale,75000.0,6,3,0.08,1888340.0,Vega Baja,Puerto Rico,00693,1900.0,
52707.0,for_sale,70500.0,3,1,0.18,66538.0,Toa Alta,Puerto Rico,00953,750.0,
52270.0,for_sale,81900.0,3,1,,1477579.0,Vega Alta,Puerto Rico,00692,805.0,
40689.0,for_sale,115000.0,3,1,0.07,1839303.0,Florida,Puerto Rico,00650,800.0,
52270.0,for_sale,94000.0,3,2,0.15,1842737.0,Comerio,Puerto Rico,00782,996.0,
86129.0,for_sale,125400.0,3,2,0.21,1837518.0,Manati,Puerto Rico,00674,954.0,
52270.0,for_sale,95900.0,3,1,,1477720.0,Vega Alta,Puerto Rico,00692,805.0,
52707.0,for_sale,305000.0,4,2,0.13,1884208.0,Vega Alta,Puerto Rico,00692,1784.0,
29325.0,for_sale,155000.0,3,2,,1580587.0,Vega Baja,Puerto Rico,00693,1133.0,
52707.0,for_sale,98000.0,3,2,0.11,1868720.0,Vega Baja,Puerto Rico,00693,900.0,
92147.0,for_sale,99000.0,3,2,0.07,423201.0,Toa Alta,Puerto Rico,00953,1093.0,
92147.0,for_sale,350000.0,3,2,,1504005.0,Vega Alta,Puerto Rico,00692,1747.0,
87844.0,for_sale,600000.0,5,4,0.26,1564284.0,Vega Alta,Puerto Rico,00692,2817.0,
52707.0,for_sale,250000.0,,,22.57,1902757.0,Naranjito,Puerto Rico,00719,,
12434.0,for_sale,120000.0,4,2,0.15,1902811.0,Toa Baja,Puerto Rico,00951,1600.0,
52707.0,for_sale,79000.0,6,2,8.42,1941334.0,Vega Baja,Puerto Rico,00693,1170.0,
59533.0,for_sale,67500.0,2,2,0.38,1519323.0,Vega Alta,Puerto Rico,00692,1000.0,
19801.0,for_sale,52000.0,2,2,0.57,1913919.0,Corozal,Puerto Rico,00783,800.0,
59533.0,for_sale,88000.0,3,2,0.42,598858.0,Vega Alta,Puerto Rico,00692,1000.0,
52707.0,for_sale,94000.0,3,2,0.09,733599.0,Morovis,Puerto Rico,00687,1512.0,
52270.0,for_sale,192000.0,3,2,,1940299.0,Vega Alta,Puerto Rico,00692,2138.0,
52707.0,for_sale,145000.0,4,2,0.08,914432.0,Toa Baja,Puerto Rico,00949,1800.0,
18211.0,for_sale,205000.0,4,3,0.12,1897262.0,Vega Baja,Puerto Rico,00693,1335.0,
40689.0,for_sale,295000.0,6,5,0.24,1856927.0,Vega Baja,Puerto Rico,00693,2800.0,
87844.0,for_sale,145000.0,3,2,,1231179.0,Toa Baja,Puerto Rico,00949,1219.0,
52270.0,for_sale,192000.0,3,2,,1940300.0,Vega Alta,Puerto Rico,00692,2138.0,
92147.0,for_sale,240000.0,4,2,0.11,435409.0,Toa Baja,Puerto Rico,00953,1889.0,
52707.0,for_sale,50000.0,,,0.27,1448271.0,Manati,Puerto Rico,00674,,
102719.0,for_sale,957900.0,,,18.04,1856975.0,Arecibo,Puerto Rico,00613,,
92147.0,for_sale,71000.0,3,1,0.17,1104803.0,Vega Baja,Puerto Rico,00693,824.0,
92147.0,for_sale,189000.0,6,3,0.18,10973.0,Vega Baja,Puerto Rico,00693,2371.0,
26505.0,for_sale,62000.0,3,2,0.13,466267.0,Naranjito,Puerto Rico,00719,981.0,
52707.0,for_sale,65000.0,3,1,0.07,389071.0,Corozal,Puerto Rico,00783,742.0,
81909.0,for_sale,125000.0,3,1,0.13,1565422.0,Corozal,Puerto Rico,00783,1103.0,
81909.0,for_sale,70000.0,2,1,0.23,1966330.0,Naranjito,Puerto Rico,00719,620.0,
52270.0,for_sale,125000.0,4,2,0.44,1679653.0,Toa Alta,Puerto Rico,00953,1328.0,
46475.0,for_sale,1200000.0,4,4,1.11,1856919.0,Orocovis,Puerto Rico,00720,7336.0,
78414.0,for_sale,268000.0,3,1,1.12,1567511.0,Vega Alta,Puerto Rico,00694,850.0,
81909.0,for_sale,270000.0,3,2,0.11,1843064.0,Vega Alta,Puerto Rico,00692,1626.0,
47931.0,for_sale,160000.0,,,4.92,6076.0,Morovis,Puerto Rico,00687,,
52707.0,for_sale,335000.0,,,3.19,1856977.0,Manat,Puerto Rico,00674,,
1589.0,for_sale,135000.0,6,3,0.07,158769.0,Hatillo,Puerto Rico,00659,1819.0,
40848.0,for_sale,80000.0,3,1,0.07,1837625.0,Santa Isabel,Puerto Rico,00757,704.0,
52707.0,for_sale,105000.0,3,3,0.02,1854867.0,Santa Isabel,Puerto Rico,00757,1372.0,
74819.0,for_sale,67000.0,3,1,0.08,1837567.0,Santa Isabel,Puerto Rico,00757,683.0,
52707.0,for_sale,75000.0,3,1,0.18,1353771.0,Santa Isabel,Puerto Rico,00757,1020.0,
52707.0,for_sale,59000.0,3,2,0.18,1382552.0,Santa Isabel,Puerto Rico,00757,1166.0,
52707.0,for_sale,210000.0,4,2,0.12,1913909.0,Aguadilla,Puerto Rico,00605,1800.0,
103378.0,for_sale,113000.0,3,2,0.13,1852831.0,Aguadilla,Puerto Rico,00605,1123.0,
102017.0,for_sale,1450000.0,,,0.43,1179842.0,Rincon,Puerto Rico,00677,,
103378.0,for_sale,65000.0,3,1,0.08,1857016.0,Isabela,Puerto Rico,00662,939.0,
102017.0,for_sale,2250000.0,,,1.74,1179843.0,Rincon,Puerto Rico,00677,,
60028.0,for_sale,55000.0,,,0.25,1946165.0,Isabela,Puerto Rico,00662,,
60028.0,for_sale,175000.0,,,1.5,1946285.0,Isabela,Puerto Rico,00662,,
47983.0,for_sale,399000.0,2,2,0.26,1313000.0,Rincon,Puerto Rico,00677,1352.0,
32566.0,for_sale,545000.0,3,3,0.88,1179798.0,Rincon,Puerto Rico,00677,1729.0,
46019.0,for_sale,190000.0,,,3.93,1946165.0,Moca,Puerto Rico,00676,,
103378.0,for_sale,68000.0,3,1,0.08,1850802.0,Isabela,Puerto Rico,00662,840.0,
92147.0,for_sale,69000.0,3,1,10.76,1884188.0,Florida,Puerto Rico,00650,,
88444.0,for_sale,119500.0,3,2,0.24,1136042.0,Guanica,Puerto Rico,00653,1462.0,
104659.0,for_sale,225000.0,3,2,,1732407.0,Guanica,Puerto Rico,00653,,
104659.0,for_sale,124900.0,4,2,,1136283.0,Guanica,Puerto Rico,00653,,
96847.0,for_sale,15000000.0,,,125.0,1850821.0,Guanica,Puerto Rico,00653,,
108042.0,for_sale,55000.0,2,1,0.01,1952060.0,Hatillo,Puerto Rico,00659,,
77432.0,for_sale,1350000.0,,,6.78,1946325.0,Hatillo,Puerto Rico,00659,,
82827.0,for_sale,2600000.0,,,21.0,1940310.0,Hatillo,Puerto Rico,00659,,
26163.0,for_sale,148000.0,3,2,,17307.0,Hormigueros,Puerto Rico,00660,,
92147.0,for_sale,100000.0,3,1,0.07,1868669.0,Hormigueros,Puerto Rico,00660,842.0,
101.0,for_sale,40000.0,,,0.27,1888308.0,Hormigueros,Puerto Rico,00660,,
26163.0,for_sale,138000.0,,,5.73,1045790.0,Hormigueros,Puerto Rico,00660,,
60028.0,for_sale,170000.0,3,3,0.17,619375.0,Isabela,Puerto Rico,00662,4544.0,
12875.0,for_sale,55000.0,,,0.32,1902852.0,Isabela,Puerto Rico,00662,,
1123.0,for_sale,60000.0,,,0.17,1258492.0,Isabela,Puerto Rico,00662,,
82827.0,for_sale,60000.0,2,1,0.07,881673.0,Isabela,Puerto Rico,00662,700.0,
15143.0,for_sale,90000.0,,,0.72,1856901.0,Isabela,Puerto Rico,00662,,
60027.0,for_sale,175000.0,,,1.49,1946165.0,Isabela,Puerto Rico,00662,,
62066.0,for_sale,220000.0,5,4,0.1,1917932.0,Isabela,Puerto Rico,00662,2500.0,
108464.0,for_sale,25000000.0,,,100.0,1946190.0,Isabela,Puerto Rico,00662,,
31238.0,for_sale,260000.0,3,3,8.0,1946286.0,Isabela,Puerto Rico,00662,1458.0,
72457.0,for_sale,98900.0,,,0.36,1850824.0,Isabela,Puerto Rico,00662,,
52707.0,for_sale,300000.0,6,5,0.09,1406706.0,Isabela,Puerto Rico,00662,1500.0,
72457.0,for_sale,599900.0,2,2,0.82,1850828.0,Isabela,Puerto Rico,00662,1671.0,
41020.0,for_sale,900000.0,9,5,0.14,846660.0,Isabela,Puerto Rico,00662,4500.0,
82827.0,for_sale,250000.0,2,2,,1940315.0,Isabela,Puerto Rico,00662,1600.0,
2050.0,for_sale,2000000.0,,,20.26,1269871.0,Isabela,Puerto Rico,00662,,
103378.0,for_sale,9000000.0,,,26.1,1857014.0,Isabela,Puerto Rico,00662,,
61834.0,for_sale,550000.0,3,3,,1241086.0,Isabela,Puerto Rico,00662,1800.0,
18211.0,for_sale,975000.0,6,4,1.5,1856966.0,Isabela,Puerto Rico,00662,3739.0,
96048.0,for_sale,3900000.0,,,5.74,1269725.0,Isabela,Puerto Rico,00662,,
96048.0,for_sale,2900000.0,,,3.34,1269726.0,Isabela,Puerto Rico,00662,,
72457.0,for_sale,249900.0,,,0.24,1850803.0,Isabela,Puerto Rico,00662,,
80236.0,for_sale,9775000.0,2,3,6.7,1862031.0,Isabela,Puerto Rico,00662,,
15143.0,for_sale,130000.0,4,2,2.13,1940305.0,Lajas,Puerto Rico,00667,,
103378.0,for_sale,249900.0,,,10.76,1985060.0,Vega Baja,Puerto Rico,00693,2886.0,
48230.0,for_sale,490000.0,4,,11.6,1856904.0,Las Marias,Puerto Rico,00670,4200.0,
49045.0,for_sale,200000.0,3,2,15.35,1090022.0,Las Marias,Puerto Rico,00670,,
80212.0,for_sale,450000.0,4,3,0.31,1911202.0,Manati,Puerto Rico,00674,2200.0,
7596.0,for_sale,600000.0,4,5,0.25,536853.0,Manati,Puerto Rico,00674,2700.0,
77432.0,for_sale,3100000.0,5,3,0.28,1009986.0,Manati,Puerto Rico,00674,3000.0,
108671.0,for_sale,45000.0,,,0.64,1856973.0,Manati,Puerto Rico,00674,,
101.0,for_sale,287000.0,,,3.9,1902825.0,Manati,Puerto Rico,00674,,
15085.0,for_sale,375000.0,,,1.67,1877301.0,Manati,Puerto Rico,00674,,
101.0,for_sale,295000.0,2,2,0.02,629447.0,Rincon,Puerto Rico,00677,1183.0,
48230.0,for_sale,195000.0,,,1.19,1856902.0,Rincon,Puerto Rico,00677,,
48230.0,for_sale,165000.0,,,0.17,1940303.0,Rincon,Puerto Rico,00677,,
101.0,for_sale,295000.0,2,2,0.02,6036.0,Rincon,Puerto Rico,00677,1183.0,
48230.0,for_sale,699000.0,,,0.5,1437203.0,Rincon,Puerto Rico,00677,2900.0,
48230.0,for_sale,540000.0,5,4,0.25,1940304.0,Rincon,Puerto Rico,00677,2500.0,
1981.0,for_sale,2150000.0,8,5,0.27,1884282.0,Rincon,Puerto Rico,00677,6345.0,
48230.0,for_sale,450000.0,,,4.65,1856957.0,Rincon,Puerto Rico,00677,,
48230.0,for_sale,479000.0,,,1.87,1856960.0,Rincon,Puerto Rico,00677,,
16919.0,for_sale,2500000.0,,,0.27,1179845.0,Rincon,Puerto Rico,00677,10225.0,
60444.0,for_sale,260000.0,3,2,4.37,1757636.0,Quebradillas,Puerto Rico,00678,1164.0,
77432.0,for_sale,2500000.0,4,3,0.78,1902781.0,Quebradillas,Puerto Rico,00678,3154.0,
77432.0,for_sale,1995000.0,,,3.7,598287.0,Quebradillas,Puerto Rico,00678,,
88444.0,for_sale,59995.0,,,0.4,1850807.0,Lares,Puerto Rico,00669,,
33967.0,for_sale,35000.0,5,3,,1106493.0,Mayaguez,Puerto Rico,00680,,
103378.0,for_sale,199900.0,4,3,0.12,40228.0,Mayaguez,Puerto Rico,00680,2143.0,
89348.0,for_sale,143000.0,6,4,0.1,481363.0,Mayaguez,Puerto Rico,00680,2130.0,
67333.0,for_sale,165000.0,3,2,0.59,1026440.0,Mayaguez,Puerto Rico,00680,2000.0,
72457.0,for_sale,320000.0,4,5,0.17,1856953.0,Mayaguez,Puerto Rico,00680,2081.0,
49045.0,for_sale,125000.0,4,2,0.08,846665.0,Mayaguez,Puerto Rico,00680,2214.0,
77885.0,for_sale,165000.0,4,1,0.13,1902786.0,Mayaguez,Puerto Rico,00680,1400.0,
18211.0,for_sale,82000.0,1,1,,1900397.0,Mayaguez,Puerto Rico,00680,471.0,
52707.0,for_sale,58000.0,,,0.41,1856952.0,Mayaguez,Puerto Rico,00680,,
77885.0,for_sale,125000.0,,,16.51,1902788.0,Mayaguez,Puerto Rico,00680,,
102017.0,for_sale,35000.0,,,0.33,1174892.0,Rincon,Puerto Rico,00677,,
37398.0,for_sale,795000.0,,,6.25,1936378.0,Rincon,Puerto Rico,00677,,
48230.0,for_sale,650000.0,,,8.08,1856958.0,Rincon,Puerto Rico,00677,,
48230.0,for_sale,365000.0,,,0.99,1180102.0,Rincon,Puerto Rico,00677,,
48230.0,for_sale,1700000.0,,,6.2,1911841.0,Rincon,Puerto Rico,00677,,
48230.0,for_sale,3900000.0,,,23.0,1951743.0,Rincon,Puerto Rico,00677,,
48230.0,for_sale,3200000.0,,,9.0,1951677.0,Rincon,Puerto Rico,00677,,
46475.0,for_sale,149995.0,6,2,1.46,1902848.0,Aibonito,Puerto Rico,00705,2026.0,
52707.0,for_sale,74900.0,5,3,0.03,795512.0,Aibonito,Puerto Rico,00705,2400.0,
59533.0,for_sale,92000.0,3,2,0.1,723040.0,Santa Isabel,Puerto Rico,00757,,
109906.0,for_sale,470000.0,,,47.26,1902800.0,Comerio,Puerto Rico,00782,,
19250.0,for_sale,70000.0,6,4,0.23,522885.0,Aibonito,Puerto Rico,00705,2187.0,
19250.0,for_sale,120000.0,3,2,0.22,1902880.0,Aibonito,Puerto Rico,00705,800.0,
52707.0,for_sale,220000.0,,,51.47,1902807.0,Barranquitas,Puerto Rico,00794,,
81909.0,for_sale,85000.0,3,2,0.09,1897349.0,Aibonito,Puerto Rico,00705,900.0,
52707.0,for_sale,220000.0,6,6,1.07,1902857.0,Naranjito,Puerto Rico,00719,1830.0,
52707.0,for_sale,70000.0,3,1,0.11,1902770.0,Barranquitas,Puerto Rico,00794,879.0,
77885.0,for_sale,90000.0,4,2,0.12,1058124.0,Mayaguez,Puerto Rico,00682,1300.0,
87549.0,for_sale,92000.0,3,2,1.21,1902875.0,San Sebastian,Puerto Rico,00685,1100.0,
60830.0,for_sale,175000.0,,,5.7,1946225.0,San Sebastian,Puerto Rico,00685,,
49909.0,for_sale,60000.0,5,2,0.25,4300.0,Morovis,Puerto Rico,00687,1620.0,
18211.0,for_sale,70000.0,,,,1951903.0,Morovis,Puerto Rico,00687,,
108464.0,for_sale,1320000.0,,,22.0,1946171.0,Morovis,Puerto Rico,00687,,
72216.0,for_sale,75000.0,,,2.97,,Morovis,Puerto Rico,00687,,
52707.0,for_sale,115000.0,3,2,0.15,1952865.0,Arecibo,Puerto Rico,00688,1108.0,
6378.0,for_sale,135000.0,3,2,0.44,1902865.0,Sabana Hoyos,Puerto Rico,00688,1200.0,
75124.0,for_sale,279000.0,,,18.28,1850849.0,Arecibo,Puerto Rico,00688,,
16842.0,for_sale,49900.0,,,0.38,1946322.0,Sabana Hoyos,Puerto Rico,00688,,
13133.0,for_sale,1900000.0,,,27.18,1902776.0,Arecibo,Puerto Rico,00688,,
78468.0,for_sale,375000.0,3,2,,1856976.0,Vega Alta,Puerto Rico,00692,1896.0,
52270.0,for_sale,125000.0,3,2,0.07,1854773.0,Vega Alta,Puerto Rico,00692,1150.0,
85121.0,for_sale,270000.0,3,3,0.11,1843065.0,Vega Alta,Puerto Rico,00692,1626.0,
37361.0,for_sale,345000.0,3,3,,1587692.0,Vega Alta,Puerto Rico,00692,1800.0,
25107.0,for_sale,659000.0,4,5,0.72,1946165.0,Vega Alta,Puerto Rico,00692,5460.0,
78468.0,for_sale,325000.0,3,2,,1946307.0,Vega Alta,Puerto Rico,00692,1500.0,
55921.0,for_sale,475000.0,3,2,0.03,990036.0,Vega Alta,Puerto Rico,00692,1564.0,
78468.0,for_sale,480000.0,4,4,,387319.0,Vega Alta,Puerto Rico,00692,2200.0,
16919.0,for_sale,695000.0,7,6,0.25,196722.0,Vega Alta,Puerto Rico,00692,4072.0,
103379.0,for_sale,154150.0,3,2,0.09,1986232.0,Catano,Puerto Rico,00692,1007.0,
109203.0,for_sale,1300000.0,3,3,0.49,,Vega Alta,Puerto Rico,00692,3600.0,
92147.0,for_sale,185000.0,4,2,0.09,1837682.0,Catano,Puerto Rico,00692,1639.0,
76109.0,for_sale,715000.0,4,3,0.11,,Vega Alta,Puerto Rico,00692,2800.0,
26006.0,for_sale,325000.0,,,29.13,39740.0,Vega Alta,Puerto Rico,00692,,
51673.0,for_sale,450000.0,,,0.56,7027.0,Vega Alta,Puerto Rico,00692,,
108464.0,for_sale,5000000.0,,,20.0,595725.0,Vega Alta,Puerto Rico,00692,,
78468.0,for_sale,50000.0,3,1,,1868668.0,Vega Baja,Puerto Rico,00693,,
109906.0,for_sale,182000.0,4,2,0.11,1548605.0,Toa Alta,Puerto Rico,00693,2030.0,
72455.0,for_sale,185000.0,3,2,0.38,1902743.0,Vega Baja,Puerto Rico,00693,982.0,
46788.0,for_sale,300000.0,4,3,0.14,763570.0,Vega Baja,Puerto Rico,00693,1960.0,
1644.0,for_sale,225000.0,3,4,0.03,1953934.0,Vega Baja,Puerto Rico,00693,1605.0,
18211.0,for_sale,125000.0,4,3,0.1,1985061.0,Vega Baja,Puerto Rico,00693,1975.0,
7996.0,for_sale,215000.0,3,2,0.23,1855314.0,Vega Baja,Puerto Rico,00693,,
18211.0,for_sale,205000.0,4,3,,1837354.0,Vega Baja,Puerto Rico,00693,1334.0,
48574.0,for_sale,647900.0,6,6,0.45,1855732.0,San German,Puerto Rico,00683,4500.0,
26163.0,for_sale,155000.0,,,10.0,1049946.0,San German,Puerto Rico,00683,,
101.0,for_sale,110000.0,,,0.26,1966323.0,San German,Puerto Rico,00683,,
37047.0,for_sale,105000.0,4,2,0.09,1855317.0,Vega Baja,Puerto Rico,00694,1116.0,
104659.0,for_sale,79900.0,9,3,0.01,1844170.0,Yauco,Puerto Rico,00698,,
46667.0,for_sale,220000.0,3,2,0.07,1427036.0,San Juan,Puerto Rico,00698,1100.0,
104659.0,for_sale,59900.0,3,1,,1842747.0,Yauco,Puerto Rico,00698,,
104659.0,for_sale,59900.0,5,1,,1856954.0,Yauco,Puerto Rico,00698,,
104659.0,for_sale,89900.0,3,2,,1862025.0,Yauco,Puerto Rico,00698,,
104659.0,for_sale,32500.0,,,614.99,1967873.0,Yauco,Puerto Rico,00698,,
108464.0,for_sale,4000000.0,,,40.0,213382.0,Yauco,Puerto Rico,00698,,
104659.0,for_sale,144000.0,,,0.2,1985077.0,Yauco,Puerto Rico,00698,,
5254.0,for_sale,37000.0,,,0.2,1946272.0,Yauco,Puerto Rico,00698,,
74819.0,for_sale,59900.0,5,2,0.1,1900757.0,Guaynabo,Puerto Rico,00965,1655.0,
52707.0,for_sale,189000.0,5,3,0.07,1962199.0,San Juan,Puerto Rico,00921,2100.0,
40848.0,for_sale,75000.0,4,2,0.09,1855312.0,Guayama,Puerto Rico,00784,852.0,
46475.0,for_sale,195000.0,3,2,0.09,1897346.0,Guaynabo,Puerto Rico,00969,1250.0,
18211.0,for_sale,144900.0,3,2,0.1,1854799.0,Caguas,Puerto Rico,00725,1086.0,
74819.0,for_sale,79900.0,3,1,,957236.0,San Juan,Puerto Rico,00924,906.0,
86129.0,for_sale,120000.0,4,2,0.07,1819529.0,San Juan,Puerto Rico,00924,1224.0,
3633.0,for_sale,204000.0,3,2,0.33,1757631.0,Gurabo,Puerto Rico,00794,1190.0,
81909.0,for_sale,174900.0,4,3,0.3,1902809.0,San Juan,Puerto Rico,00926,1500.0,
81909.0,for_sale,225000.0,4,2,0.1,1966327.0,Aguas Buenas,Puerto Rico,00703,3138.0,
40848.0,for_sale,150000.0,3,1,0.06,1855454.0,Caguas,Puerto Rico,00727,850.0,
47931.0,for_sale,240000.0,3,2,0.14,6164.0,San Lorenzo,Puerto Rico,00754,2330.0,
31474.0,for_sale,94000.0,3,2,,1408029.0,San Juan,Puerto Rico,00924,1105.0,
82828.0,for_sale,295000.0,3,2,0.42,595729.0,Gurabo,Puerto Rico,00778,2000.0,
59533.0,for_sale,152000.0,3,2,0.08,1138373.0,Caguas,Puerto Rico,00725,1150.0,
9664.0,for_sale,240000.0,6,4,0.37,560746.0,Bayamon,Puerto Rico,00956,2451.0,
43853.0,for_sale,210000.0,7,5,0.08,1571836.0,San Juan,Puerto Rico,00920,2000.0,
,for_sale,255000.0,3,2,,595720.0,Guaynabo,Puerto Rico,00965,1500.0,
59533.0,for_sale,104000.0,3,2,0.07,1135955.0,Bayamon,Puerto Rico,00956,750.0,
109906.0,for_sale,550000.0,4,2,0.16,475333.0,Guaynabo,Puerto Rico,00927,2528.0,
52707.0,for_sale,150000.0,4,2,0.1,979237.0,San Juan,Puerto Rico,00926,1321.0,
66902.0,for_sale,189999.0,3,2,,1712365.0,Guaynabo,Puerto Rico,00969,1566.0,
100431.0,for_sale,185000.0,3,1,0.09,1308258.0,Guaynabo,Puerto Rico,00969,1000.0,
109906.0,for_sale,188000.0,4,3,0.05,1972815.0,San Juan,Puerto Rico,00926,1312.0,
61543.0,for_sale,3200000.0,7,6,1.08,1837578.0,San Juan,Puerto Rico,00969,7246.0,
46475.0,for_sale,475000.0,4,2,0.31,1900777.0,Cayey,Puerto Rico,00737,3300.0,
52707.0,for_sale,135000.0,3,1,,518979.0,San Juan,Puerto Rico,00921,673.0,